Date,AAPL,MSFT,JPM,JNJ,XOM,AMZN,GOOGL,BRK-B
2019-01-02,37.436920166015625,94.01615142822266,80.47398376464844,103.2816162109375,49.34522247314453,76.95649719238281,52.2705078125,202.8000030517578
2019-01-03,33.707923889160156,90.55747985839844,79.33030700683594,101.64041900634766,48.587589263916016,75.01399993896484,50.82284164428711,191.66000366210938
2019-01-04,35.14690017700195,94.76924133300781,82.2548599243164,103.34626770019531,50.37900924682617,78.76950073242188,53.429725646972656,195.1999969482422
2019-01-07,35.06864929199219,94.89012145996094,82.31205749511719,102.68334197998047,50.64099884033203,81.47550201416016,53.32316970825195,196.91000366210938
2019-01-08,35.7371711730957,95.57810974121094,82.15682220458984,105.06830596923828,51.009185791015625,82.8290023803711,53.79151916503906,196.30999755859375
2019-01-09,36.344058990478516,96.94483947753906,82.0179443359375,104.23560333251953,51.27824020385742,82.97100067138672,53.60715103149414,196.3699951171875
2019-01-10,36.460235595703125,96.3219223022461,82.009765625,104.86620330810547,51.01626968383789,82.81099700927734,53.46738815307617,196.5800018310547
2019-01-11,36.10225296020508,95.57810974121094,81.61768341064453,104.89852142333984,50.7826042175293,82.02799987792969,52.755706787109375,196.2899932861328
2019-01-14,35.55937576293945,94.88081359863281,82.45909881591797,103.71009826660156,50.718868255615234,80.8604965209961,52.11339569091797,195.77999877929688
2019-01-15,36.287174224853516,97.63288879394531,83.0635986328125,104.58323669433594,50.74720001220703,83.72799682617188,53.848018646240234,196.94000244140625
2019-01-16,36.73046875,97.97687530517578,83.73345947265625,103.51605987548828,50.725948333740234,84.18900299072266,53.9966926574707,198.41000366210938
2019-01-17,36.94857406616211,98.66490173339844,84.0765609741211,104.36492919921875,51.072898864746094,84.66100311279297,54.47297668457031,198.77999877929688
2019-01-18,37.1761589050293,100.14319610595703,85.44081115722656,105.6584701538086,51.68185806274414,84.80999755859375,54.87838363647461,204.47999572753906
2019-01-22,36.3416862487793,98.25579833984375,84.09291076660156,104.13050842285156,50.90296936035156,81.6084976196289,53.457481384277344,200.72000122070312
2019-01-23,36.48866653442383,99.21342468261719,83.88052368164062,104.13050842285156,50.4852180480957,82.0009994506836,53.74394226074219,201.14999389648438
2019-01-24,36.19944763183594,98.7392578125,83.92949676513672,102.69949340820312,50.5560188293457,82.74649810791016,53.72361755371094,201.02000427246094
2019-01-25,37.398990631103516,99.64112854003906,84.46048736572266,103.66966247558594,50.7826042175293,83.52850341796875,54.591426849365234,202.75
2019-01-28,37.05287551879883,97.69795227050781,84.86082458496094,104.28411865234375,50.44272232055664,81.89450073242188,53.518436431884766,200.9499969482422
2019-01-29,36.6688346862793,95.70831298828125,85.09771728515625,105.36746215820312,50.633914947509766,79.69400024414062,53.03274917602539,202.0500030517578
2019-01-30,39.174591064453125,98.9066390991211,85.29376983642578,106.42654418945312,51.18620681762695,83.52149963378906,54.41697311401367,205.9600067138672
2019-01-31,39.45669174194336,97.0936508178711,84.55038452148438,107.59071350097656,51.88718795776367,85.9365005493164,55.799713134765625,205.5399932861328
2019-02-01,39.47565460205078,95.55952453613281,84.86082458496094,108.49622344970703,53.756492614746094,81.3115005493164,55.43940734863281,209.19000244140625
2019-02-04,40.59695816040039,98.31158447265625,85.1630630493164,107.42902374267578,52.97761154174805,81.66549682617188,56.56938552856445,208.52000427246094
2019-02-05,41.291542053222656,99.68761444091797,84.78726959228516,107.42902374267578,53.522830963134766,82.94049835205078,57.08728790283203,207.82000732421875
2019-02-06,41.3057861328125,98.58120727539062,84.74642181396484,107.52606964111328,53.289180755615234,82.01300048828125,55.65103530883789,206.00999450683594
2019-02-07,40.523475646972656,97.8746109008789,83.63544464111328,106.75801849365234,52.87848663330078,80.71849822998047,54.809486389160156,201.72999572753906
2019-02-08,40.57107925415039,98.24649047851562,82.80216979980469,107.04096984863281,52.96439743041992,79.41100311279297,54.63454818725586,200.9199981689453
2019-02-11,40.3377685546875,97.85600280761719,82.4100570678711,106.71759033203125,53.05030822753906,79.55000305175781,54.62165832519531,203.0500030517578
2019-02-12,40.68535614013672,99.38081359863281,83.81513214111328,108.46388244628906,53.98101806640625,81.90049743652344,55.88346862792969,206.14999389648438
2019-02-13,40.516334533691406,99.30640411376953,84.21543884277344,108.69830322265625,54.58955001831055,82.0,55.93550491333008,205.8000030517578
2019-02-14,40.663944244384766,99.3901138305664,83.66812133789062,108.58514404296875,54.60386657714844,81.13249969482422,55.96376037597656,202.77999877929688
2019-02-15,40.5734748840332,100.61737823486328,86.22505950927734,110.25867462158203,55.63479995727539,80.39749908447266,55.48945999145508,205.2899932861328
2019-02-19,40.69488525390625,100.57088470458984,85.92277526855469,109.7008285522461,56.007083892822266,81.37899780273438,55.830440521240234,205.69000244140625
2019-02-20,40.9567756652832,100.04798126220703,86.33940887451172,110.23442077636719,56.221858978271484,81.1050033569336,55.537044525146484,206.16000366210938
2019-02-21,40.725830078125,102.15821838378906,86.15969848632812,109.48251342773438,55.71355438232422,80.97200012207031,54.725242614746094,205.3300018310547
2019-02-22,41.180572509765625,103.61478424072266,85.7757339477539,110.43653869628906,56.14311599731445,81.5780029296875,55.33730697631836,201.91000366210938
2019-02-25,41.48055648803711,104.19367980957031,86.6743392944336,110.84344482421875,56.20039749145508,81.6500015258789,55.3754768371582,202.30999755859375
2019-02-26,41.504356384277344,104.91265106201172,86.01264190673828,110.77021026611328,56.3149299621582,81.81999969482422,55.60741424560547,201.89999389648438
2019-02-27,41.63291931152344,104.73528289794922,85.90643310546875,110.5748519897461,56.89484405517578,82.05449676513672,55.65103530883789,202.2899932861328
2019-02-28,41.223426818847656,104.60453033447266,85.25291442871094,111.2015151977539,56.57984161376953,81.99150085449219,55.832420349121094,201.3000030517578
2019-03-01,41.65673065185547,105.0713882446289,85.31009674072266,112.5931396484375,57.27427291870117,83.58650207519531,56.921260833740234,203.1300048828125
2019-03-04,41.866233825683594,104.81929779052734,85.1140365600586,112.69898223876953,57.4962158203125,84.80850219726562,57.16411590576172,201.80999755859375
2019-03-05,41.79006576538086,104.29642486572266,85.0487060546875,112.93500518798828,57.41032791137695,84.62149810791016,57.945682525634766,201.47000122070312
2019-03-06,41.54957580566406,104.34310913085938,84.73008728027344,113.19540405273438,56.7588005065918,83.44750213623047,57.735050201416016,200.6699981689453
2019-03-07,41.06867218017578,103.07325744628906,84.1174087524414,112.50362396240234,57.388832092285156,81.29750061035156,57.0367431640625,199.3000030517578
2019-03-08,41.16628646850586,103.18527221679688,84.15008544921875,112.357177734375,56.565521240234375,81.04000091552734,56.99312973022461,198.6999969482422
2019-03-11,42.59237289428711,105.3515396118164,85.24474334716797,112.76411437988281,57.11677551269531,83.53099822998047,58.444759368896484,202.08999633789062
2019-03-12,43.070919036865234,106.08914184570312,84.99151611328125,113.2686538696289,57.27427291870117,83.65499877929688,59.33634948730469,202.5
2019-03-13,43.261390686035156,106.91082000732422,85.27741241455078,113.4558334350586,57.78257751464844,84.54049682617188,59.42605209350586,204.05999755859375
2019-03-14,43.742313385009766,106.994873046875,86.0534896850586,112.32460021972656,57.58930206298828,84.31099700927734,59.10242462158203,203.3800048828125
2019-03-15,44.311317443847656,108.22737121582031,87.04196166992188,111.98284912109375,57.38166046142578,85.61799621582031,58.991912841796875,204.30999755859375
2019-03-18,44.76366424560547,109.77732849121094,87.5647964477539,111.63285064697266,58.0474967956543,87.10749816894531,58.905174255371094,206.67999267578125
2019-03-19,44.40892028808594,109.85206604003906,87.24617767333984,112.66642761230469,57.89714813232422,88.09249877929688,59.59456253051758,205.14999389648438
2019-03-20,44.796993255615234,109.73065185546875,85.38358306884766,111.73049926757812,58.219295501708984,89.8635025024414,60.782527923583984,203.27000427246094
2019-03-21,46.4468879699707,112.25170135498047,84.03570556640625,112.38973236083984,58.555816650390625,90.96299743652344,61.26325607299805,204.42999267578125
2019-03-22,45.485050201416016,109.29180145263672,81.49512481689453,111.4212875366211,57.6179313659668,88.2385025024414,59.85177993774414,200.5500030517578
2019-03-25,44.93507385253906,109.86141204833984,80.81707763671875,111.1771240234375,57.217018127441406,88.71299743652344,59.342796325683594,199.44000244140625
2019-03-26,44.4708251953125,110.09483337402344,81.62584686279297,112.77222442626953,57.96157455444336,89.18800354003906,58.9691047668457,200.6199951171875
2019-03-27,44.87080764770508,109.03038024902344,81.34806823730469,112.87798309326172,57.5176887512207,88.28500366210938,58.3828010559082,199.2100067138672
2019-03-28,44.930335998535156,109.17977905273438,82.27119445800781,113.0245132446289,57.80406951904297,88.6709976196289,58.09832763671875,200.66000366210938
2019-03-29,45.223148345947266,110.12284088134766,82.69598388671875,113.76506805419922,57.84702682495117,89.0374984741211,58.32730484008789,200.88999938964844
2019-04-01,45.5302734375,111.13123321533203,85.48164367675781,113.10590362548828,58.512847900390625,90.70950317382812,59.42209243774414,205.0
2019-04-02,46.192134857177734,111.28997039794922,85.89012145996094,112.07232666015625,58.262264251708984,90.6989974975586,59.747215270996094,203.8800048828125
2019-04-03,46.5087776184082,112.01827239990234,86.06166076660156,111.63285064697266,57.91862487792969,91.03500366210938,60.008392333984375,203.6699981689453
2019-04-04,46.589725494384766,111.4487075805664,86.89305877685547,110.33074951171875,58.74195098876953,90.94300079345703,60.43659210205078,204.10000610351562
2019-04-05,46.9016227722168,111.94355773925781,86.687255859375,110.82715606689453,59.05695343017578,91.86399841308594,60.04011154174805,205.3300018310547
2019-04-08,47.63966369628906,111.98092651367188,86.96712493896484,110.79459381103516,59.42207717895508,92.49299621582031,59.88300704956055,205.25
2019-04-09,47.49680709838867,111.37400817871094,86.3250732421875,110.33074951171875,58.65602493286133,91.79199981689453,59.605960845947266,204.9199981689453
2019-04-10,47.76346206665039,112.22370910644531,86.7119369506836,110.3388900756836,58.391151428222656,92.36650085449219,59.79230880737305,204.52000427246094
2019-04-11,47.36586380004883,112.35441589355469,87.44457244873047,110.0377426147461,58.67034912109375,92.20349884033203,59.94792938232422,206.6699981689453
2019-04-12,47.34682846069336,112.93330383300781,91.54390716552734,110.66443634033203,57.932945251464844,92.15299987792969,60.599159240722656,210.55999755859375
2019-04-15,47.432533264160156,113.02669525146484,90.49852752685547,111.1038818359375,57.73965072631836,92.24349975585938,60.787479400634766,209.74000549316406
2019-04-16,47.437294006347656,112.76522064208984,91.45337677001953,112.32460021972656,58.13340377807617,93.1520004272461,61.054115295410156,211.8000030517578
2019-04-17,48.36103439331055,113.69894409179688,94.08750915527344,112.7315444946289,58.298072814941406,93.24099731445312,61.46200180053711,210.3699951171875
2019-04-18,48.53483581542969,115.19292449951172,93.39603424072266,111.91769409179688,58.083274841308594,93.08450317382812,61.52791976928711,209.99000549316406
2019-04-22,48.6943473815918,115.55706024169922,93.51129150390625,112.16999053955078,59.35047912597656,94.3655014038086,62.13701629638672,209.49000549316406
2019-04-23,49.39667892456055,117.12570190429688,93.62651824951172,113.85462188720703,59.69411849975586,96.1884994506836,62.97111892700195,211.61000061035156
2019-04-24,49.320499420166016,116.7242202758789,93.47010803222656,113.28490447998047,58.53432083129883,95.0875015258789,62.44874572753906,210.57000732421875
2019-04-25,48.87290573120117,120.58979797363281,93.5195083618164,113.65116882324219,58.86363983154297,95.11250305175781,62.810054779052734,211.9499969482422
2019-04-26,48.63958740234375,121.28076934814453,94.22743225097656,114.2533950805664,57.62510681152344,97.53150177001953,63.30962371826172,214.22000122070312
2019-04-29,48.713401794433594,121.168701171875,95.58564758300781,113.80580139160156,57.2528076171875,96.92150115966797,64.24036407470703,216.5800018310547
2019-04-30,47.775360107421875,121.94371032714844,95.52803802490234,114.91256713867188,57.47473907470703,96.32599639892578,59.42110061645508,216.7100067138672
2019-05-01,50.12044143676758,119.40399169921875,94.79541015625,115.52295684814453,56.32210922241211,95.57599639892578,58.150367736816406,216.7100067138672
2019-05-02,49.794273376464844,117.84467315673828,95.0011978149414,114.9776840209961,55.33412170410156,95.04100036621094,57.8128662109375,215.92999267578125
2019-05-03,50.413299560546875,120.35638427734375,95.58564758300781,115.5718002319336,55.46299362182617,98.12300109863281,58.95473861694336,218.60000610351562
2019-05-06,49.634769439697266,119.65608978271484,94.73779296875,115.63689422607422,55.21957015991211,97.52749633789062,59.14851760864258,213.16000366210938
2019-05-07,48.2967643737793,117.20040130615234,93.19025421142578,113.9115982055664,54.92604064941406,96.05000305175781,58.42493438720703,209.42999267578125
2019-05-08,48.3062744140625,117.19107055664062,92.69635772705078,113.76506805419922,55.011959075927734,95.88849639892578,58.02448654174805,209.2899932861328
2019-05-09,47.78728485107422,117.1817398071289,92.62225341796875,112.9024429321289,54.96183395385742,94.99349975585938,57.885223388671875,208.55999755859375
2019-05-10,47.125247955322266,118.70368194580078,92.61405181884766,113.16285705566406,55.439762115478516,94.4990005493164,57.868865966796875,209.02000427246094
2019-05-13,44.386348724365234,115.17424011230469,90.09515380859375,111.65726470947266,54.824249267578125,91.13400268554688,56.33000946044922,205.00999450683594
2019-05-14,45.089012145996094,116.46276092529297,90.81131744384766,111.34803009033203,54.896644592285156,92.00599670410156,55.74866485595703,203.69000244140625
2019-05-15,45.62913513183594,118.10282135009766,90.46560668945312,111.4212875366211,55.302181243896484,93.55750274658203,58.025482177734375,202.97999572753906
2019-05-16,45.42838668823242,120.83000183105469,91.626220703125,112.47924041748047,55.2949333190918,95.37850189208984,58.7044563293457,204.6300048828125
2019-05-17,45.17026138305664,120.02406311035156,91.18172454833984,112.80477142333984,54.96907043457031,93.44999694824219,57.92536163330078,203.27000427246094
2019-05-20,43.75779724121094,118.29026794433594,91.6591796875,112.65015411376953,54.96183395385742,92.94850158691406,56.72996520996094,202.72999572753906
2019-05-21,44.59666442871094,118.92755126953125,91.97195434570312,112.4059829711914,55.21527862548828,92.8759994506836,57.214664459228516,203.36000061035156
2019-05-22,43.68369674682617,119.64916229248047,91.22288513183594,112.92684936523438,54.71561813354492,92.98400115966797,57.284542083740234,202.60000610351562
2019-05-23,42.93805694580078,118.25276184082031,89.42838287353516,113.76506805419922,53.43391036987305,90.77400207519531,56.7636604309082,201.3000030517578
2019-05-24,42.773136138916016,118.30901336669922,90.30919647216797,113.77326965332031,53.65839767456055,91.16400146484375,56.43012237548828,201.69000244140625
2019-05-28,42.59627151489258,118.23404693603516,89.32962036132812,112.31472778320312,52.57942581176758,91.82150268554688,56.477203369140625,199.6999969482422
2019-05-29,42.39312744140625,117.09066772460938,89.08265686035156,107.61143493652344,52.253570556640625,90.95950317382812,55.504825592041016,198.52000427246094
2019-05-30,42.61300277709961,117.83103942871094,88.12779235839844,108.25054168701172,52.1159782409668,90.81600189208984,55.57767868041992,199.74000549316406
2019-05-31,41.8410530090332,115.90984344482422,87.22230529785156,107.46392822265625,51.24702835083008,88.75350189208984,54.8387336730957,197.4199981689453
2019-06-03,41.41801834106445,112.31106567382812,87.6339111328125,107.70156860351562,52.050811767578125,84.6344985961914,51.48051071166992,198.55999755859375
2019-06-04,42.93326187133789,115.42251586914062,90.33386993408203,109.57794952392578,53.28908920288086,86.47799682617188,52.26108932495117,201.58999633789062
2019-06-05,43.6263542175293,117.92476654052734,90.65491485595703,110.11058807373047,52.84736251831055,86.92500305175781,51.77292251586914,203.3000030517578
2019-06-06,44.26686477661133,119.78974914550781,90.85247039794922,111.99516296386719,53.810447692871094,87.71800231933594,51.927547454833984,204.77000427246094
2019-06-07,45.44510269165039,123.14482116699219,89.8564453125,113.5274658203125,54.0059700012207,90.20149993896484,52.94898986816406,205.80999755859375
2019-06-10,46.025882720947266,124.26948547363281,90.82775115966797,113.91259002685547,54.244956970214844,93.03150177001953,53.662174224853516,207.16000366210938
2019-06-11,46.55882263183594,123.80084228515625,91.1076431274414,114.53533172607422,54.19424819946289,93.18499755859375,53.57691955566406,206.6300048828125
2019-06-12,46.4106559753418,123.22918701171875,89.94697570800781,116.09213256835938,53.607696533203125,92.76599884033203,53.48077392578125,204.57000732421875
2019-06-13,46.401092529296875,124.00704193115234,90.16922760009766,115.29737091064453,54.078392028808594,93.51499938964844,54.071041107177734,204.99000549316406
2019-06-14,46.06410217285156,124.12883758544922,90.39973449707031,114.789306640625,53.83943176269531,93.4834976196289,53.837608337402344,205.16000366210938
2019-06-17,46.33895492553711,124.5037612915039,89.90583038330078,114.25672149658203,54.37529754638672,94.30149841308594,54.213775634765625,203.47999572753906
2019-06-18,47.42877960205078,126.6686019897461,91.13233947753906,114.9040756225586,54.84596633911133,95.06849670410156,54.77629089355469,206.00999450683594
2019-06-19,47.2901496887207,127.1653060913086,90.47380065917969,115.08429718017578,54.541839599609375,95.43949890136719,54.74010467529297,206.75
2019-06-20,47.670169830322266,128.34616088867188,90.70428466796875,116.5264892578125,55.4759635925293,95.90950012207031,55.1707878112793,208.0399932861328
2019-06-21,47.50764083862305,128.36489868164062,90.08692169189453,116.42813110351562,56.25803756713867,95.56500244140625,55.773948669433594,206.2100067138672
2019-06-24,47.459842681884766,129.1240234375,89.4448471069336,117.22294616699219,55.7221794128418,95.69499969482422,55.344242095947266,206.85000610351562
2019-06-25,46.7404670715332,125.04727935791016,88.7040023803711,118.18983459472656,55.22975158691406,93.91349792480469,53.90104675292969,208.07000732421875
2019-06-26,47.75141143798828,125.51587677001953,89.29668426513672,116.23148345947266,55.4687385559082,94.8915023803711,53.54124069213867,208.50999450683594
2019-06-27,47.73708724975586,125.72209167480469,89.593017578125,115.2809829711914,54.903900146484375,95.21399688720703,53.35835647583008,212.02000427246094
2019-06-28,47.30210876464844,125.54402160644531,92.02959442138672,114.1256103515625,55.49044418334961,94.68150329589844,53.664146423339844,213.1699981689453
2019-07-01,48.169654846191406,127.15592956542969,93.5771484375,114.191162109375,55.439762115478516,96.1094970703125,54.51658630371094,214.6199951171875
2019-07-02,48.45167922973633,127.9993896484375,93.67591094970703,114.74019622802734,54.83149719238281,96.71549987792969,55.141048431396484,214.5399932861328
2019-07-03,48.85319900512695,128.8241424560547,93.52669525146484,116.46905517578125,55.352874755859375,96.94999694824219,55.65598678588867,215.16000366210938
2019-07-05,48.81017303466797,128.44923400878906,94.08211517333984,115.18263244628906,55.12839889526367,97.14550018310547,56.13573455810547,215.25
2019-07-08,47.80400085449219,128.3555450439453,93.56815338134766,115.51042175292969,55.3818244934082,97.61599731445312,55.34871292114258,215.1300048828125
2019-07-09,48.09557342529297,127.886962890625,93.96604919433594,115.87091827392578,55.345619201660156,99.41500091552734,55.72041702270508,214.75
2019-07-10,48.571163177490234,129.1896209716797,93.69248962402344,115.7070541381836,56.12770080566406,100.87049865722656,56.54411315917969,214.02999877929688
2019-07-11,48.21745681762695,129.7050323486328,94.58781433105469,114.80572509765625,56.171146392822266,100.05349731445312,56.70121765136719,213.1699981689453
2019-07-12,48.58791732788086,130.1736602783203,95.58258056640625,110.04502868652344,56.214576721191406,100.55000305175781,56.7636604309082,214.10000610351562
2019-07-15,49.04438781738281,130.1736602783203,94.42200469970703,110.38098907470703,55.816322326660156,101.04949951171875,57.0198974609375,213.5399932861328
2019-07-16,48.87469482421875,128.46803283691406,95.43336486816406,108.57010650634766,54.98356628417969,100.49500274658203,57.166099548339844,212.8800048828125
2019-07-17,48.599853515625,127.7088851928711,94.49659729003906,108.04569244384766,54.657718658447266,99.60150146484375,56.83305358886719,207.4499969482422
2019-07-18,49.15193557739258,127.84944915771484,95.06034088134766,108.21778106689453,54.19424819946289,98.8949966430664,56.857826232910156,207.97999572753906
2019-07-19,48.418209075927734,128.03689575195312,94.1235580444336,106.77561950683594,54.30287170410156,98.22599792480469,56.08021926879883,205.97000122070312
2019-07-22,49.5247802734375,129.73318481445312,94.72874450683594,105.40724182128906,54.36079788208008,99.28150177001953,56.459861755371094,204.83999633789062
2019-07-23,49.911949157714844,130.53915405273438,96.4613265991211,105.57111358642578,54.57803726196289,99.72450256347656,56.89797592163086,206.4600067138672
2019-07-24,49.87132263183594,131.87933349609375,96.85095977783203,106.34133911132812,54.5707893371582,100.04049682617188,56.485626220703125,207.97000122070312
2019-07-25,49.47697448730469,131.38262939453125,95.9224624633789,107.43933868408203,54.25942611694336,98.69100189208984,56.297794342041016,207.89999389648438
2019-07-26,49.649044036865234,132.4603271484375,96.34526824951172,107.11978149414062,54.172515869140625,97.15249633789062,61.713775634765625,209.89999389648438
2019-07-29,50.11269760131836,132.16981506347656,96.03853607177734,108.9961929321289,54.55631637573242,95.62249755859375,61.5462532043457,208.61000061035156
2019-07-30,49.89760971069336,131.5325469970703,95.82299041748047,108.2259521484375,54.56355667114258,94.92649841308594,60.86034393310547,207.80999755859375
2019-07-31,50.91572189331055,127.7088851928711,96.16287994384766,106.7018814086914,53.8466682434082,93.33899688720703,60.37465286254883,205.42999267578125
2019-08-01,49.813961029052734,129.3863983154297,93.62616729736328,106.7592544555664,52.4708137512207,92.76599884033203,60.05646896362305,201.7100067138672
2019-08-02,48.75998306274414,128.29930114746094,93.61788177490234,107.39838409423828,51.95668029785156,91.16200256347656,59.29026412963867,202.6699981689453
2019-08-05,46.20751190185547,123.90398406982422,90.83247375488281,106.65274047851562,50.89219284057617,88.25650024414062,57.23003005981445,197.72999572753906
2019-08-06,47.08222961425781,126.22814178466797,91.54544067382812,107.15255737304688,51.38462448120117,89.3915023803711,58.03935241699219,200.5500030517578
2019-08-07,47.569793701171875,126.78109741210938,89.55584716796875,106.69369506835938,51.05150604248047,89.66999816894531,58.27873229980469,198.2100067138672
2019-08-08,48.61895751953125,130.16429138183594,91.07289123535156,107.898193359375,52.412864685058594,91.64450073242188,59.77942657470703,200.52000427246094
2019-08-09,48.21833801269531,129.0583953857422,90.97339630126953,108.19319152832031,51.29770278930664,90.37899780273438,58.922523498535156,199.0500030517578
2019-08-12,48.095977783203125,127.25904083251953,89.26568603515625,108.10305786132812,51.0484504699707,89.24600219726562,58.20884704589844,197.17999267578125
2019-08-13,50.132774353027344,129.8925323486328,90.64183044433594,109.3239517211914,51.67894744873047,91.21700286865234,59.310585021972656,198.77999877929688
2019-08-14,48.64057540893555,125.98084259033203,86.8781967163086,106.73465728759766,49.59684371948242,88.14800262451172,57.70085144042969,195.80999755859375
2019-08-15,48.398258209228516,125.69879913330078,87.20980072021484,106.96406555175781,49.30357360839844,88.80599975585938,57.95212173461914,198.30999755859375
2019-08-16,49.54020690917969,128.0025177001953,89.29884338378906,107.63599395751953,50.07337188720703,89.62850189208984,58.44227981567383,199.72000122070312
2019-08-19,50.46383285522461,130.14637756347656,90.10295867919922,108.36527252197266,50.916481018066406,90.80599975585938,59.494449615478516,200.94000244140625
2019-08-20,50.46623611450195,129.06503295898438,88.95895385742188,107.01326751708984,50.60857009887695,90.06900024414062,58.65637969970703,198.14999389648438
2019-08-21,51.01323318481445,130.503662109375,89.20765686035156,107.7752914428711,51.11442947387695,91.177001953125,59.05534362792969,199.24000549316406
2019-08-22,50.97003936767578,129.55397033691406,90.12783813476562,107.56226348876953,51.00445556640625,90.23300170898438,59.052371978759766,201.00999450683594
2019-08-23,48.61417770385742,125.42607879638672,87.88957214355469,104.66158294677734,49.479530334472656,87.48100280761719,57.17204666137695,197.16000366210938
2019-08-26,49.53781509399414,127.3631362915039,88.59417724609375,105.50364685058594,49.74345397949219,88.44349670410156,58.044307708740234,200.1999969482422
2019-08-27,48.978843688964844,127.63578796386719,87.657470703125,107.02265167236328,49.25959777832031,88.09149932861328,58.02646255493164,198.35000610351562
2019-08-28,49.3075065612793,127.46652221679688,88.53617858886719,106.23011016845703,49.61882019042969,88.2125015258789,58.17168426513672,200.4499969482422
2019-08-29,50.14236068725586,129.87367248535156,90.54232788085938,105.86686706542969,50.16868209838867,89.31999969482422,59.18718338012695,203.1999969482422
2019-08-30,50.07760238647461,129.6291961669922,91.07289123535156,105.96593475341797,50.20532989501953,88.81449890136719,59.0033073425293,203.41000366210938
2019-09-03,49.348289489746094,127.91785430908203,89.9952163696289,106.27965545654297,50.26397705078125,89.49199676513672,57.96352005004883,200.89999389648438
2019-09-04,50.185546875,129.4129180908203,91.08119201660156,106.37870025634766,50.7991828918457,90.03099822998047,58.593929290771484,202.19000244140625
2019-09-05,51.1667594909668,131.6884765625,93.15365600585938,106.14753723144531,51.51765441894531,92.03600311279297,60.076786041259766,204.24000549316406
2019-09-06,51.16196060180664,130.79519653320312,93.35261535644531,105.84210968017578,52.00151824951172,91.67549896240234,59.785865783691406,204.72999572753906
2019-09-09,51.38027572631836,129.30953979492188,95.66548919677734,104.80192565917969,52.412078857421875,91.56749725341797,59.73382568359375,206.6199951171875
2019-09-10,51.98722839355469,127.95547485351562,96.8841323852539,106.9483413696289,52.837310791015625,91.02749633789062,59.75513458251953,208.30999755859375
2019-09-11,53.640167236328125,127.99310302734375,97.1493911743164,108.28565979003906,52.73466873168945,91.14949798583984,60.4638557434082,210.91000366210938
2019-09-12,53.52021789550781,129.30953979492188,97.74626159667969,107.6747817993164,52.77131652832031,92.17749786376953,61.205772399902344,211.3699951171875
2019-09-13,52.479034423828125,129.12142944335938,99.66952514648438,107.96372985839844,53.25518798828125,91.96700286865234,61.45655059814453,213.61000061035156
2019-09-16,52.75491714477539,128.19052124023438,98.78250122070312,106.94004821777344,54.054317474365234,90.39199829101562,61.040245056152344,210.3300018310547
2019-09-17,52.946842193603516,129.18727111816406,98.29340362548828,107.04737854003906,53.64376449584961,91.12750244140625,60.953514099121094,210.14999389648438
2019-09-18,53.44345474243164,130.24981689453125,99.2799072265625,107.65829467773438,53.38716506958008,90.87300109863281,61.090789794921875,210.89999389648438
2019-09-19,53.00921630859375,132.64755249023438,98.96488952636719,107.41063690185547,53.02791976928711,91.07499694824219,61.39311218261719,209.22000122070312
2019-09-20,52.234336853027344,131.11485290527344,98.56694793701172,108.68195343017578,52.84463882446289,89.70800018310547,60.9515266418457,208.1199951171875
2019-09-23,52.47183609008789,130.83279418945312,98.55036926269531,108.75627136230469,52.88129425048828,89.26499938964844,61.191898345947266,207.9600067138672
2019-09-24,52.22233200073242,129.17784118652344,97.26545715332031,108.59939575195312,52.155494689941406,87.08049774169922,60.381080627441406,206.39999389648438
2019-09-25,53.02601623535156,131.03965759277344,97.82086181640625,108.13711547851562,52.309452056884766,88.41649627685547,61.749454498291016,208.11000061035156
2019-09-26,52.75252914428711,131.20892333984375,97.01673889160156,106.37045288085938,52.03084945678711,86.99199676513672,61.56855392456055,206.89999389648438
2019-09-27,52.4958381652832,129.50697326660156,97.5887451171875,106.16405487060547,52.40476608276367,86.27249908447266,60.75873565673828,207.4499969482422
2019-09-30,53.73133087158203,130.72938537597656,97.56387329101562,106.8079833984375,51.76692581176758,86.79550170898438,60.520347595214844,208.02000427246094
2019-10-01,53.880062103271484,128.88638305664062,95.78984069824219,107.31157684326172,50.54990005493164,86.78250122070312,59.7700080871582,206.7100067138672
2019-10-02,52.5294189453125,126.61083221435547,93.8831558227539,108.97089385986328,49.230255126953125,85.6614990234375,58.37834167480469,203.10000610351562
2019-10-03,52.975643157958984,128.14356994628906,93.74945831298828,108.30219268798828,49.838783264160156,86.22100067138672,58.948795318603516,204.97999572753906
2019-10-04,54.46064758300781,129.87367248535156,95.7800521850586,110.34130096435547,50.564571380615234,86.98249816894531,60.01582336425781,208.0800018310547
2019-10-07,54.47262954711914,128.93338012695312,95.57113647460938,109.92852783203125,49.86809539794922,86.63300323486328,59.88151931762695,207.24000549316406
2019-10-08,53.834495544433594,127.56997680664062,93.44027709960938,108.83880615234375,48.90033721923828,85.27549743652344,58.98348617553711,204.08999633789062
2019-10-09,54.46543884277344,129.98655700683594,94.11711883544922,106.67589569091797,49.44285583496094,86.09950256347656,59.59158706665039,206.69000244140625
2019-10-10,55.199554443359375,130.79519653320312,95.43742370605469,106.5438232421875,50.036720275878906,86.01300048828125,59.941978454589844,206.86000061035156
2019-10-11,56.66776657104492,131.340576171875,97.05018615722656,108.41779327392578,50.571903228759766,86.59600067138672,60.25123977661133,208.0800018310547
2019-10-14,56.58618927001953,131.2183380126953,97.30926513671875,107.9142074584961,50.71853256225586,86.82150268554688,60.35333251953125,207.91000366210938
2019-10-15,56.454261779785156,133.11769104003906,100.24231719970703,109.66433715820312,50.89449691772461,88.36900329589844,61.56608200073242,209.3800048828125
2019-10-16,56.22632598876953,132.02696228027344,100.00833129882812,111.58788299560547,50.022056579589844,88.87149810791016,61.6037483215332,209.2899932861328
2019-10-17,56.44464874267578,131.34994506835938,100.56822204589844,112.41337585449219,49.95606994628906,89.3740005493164,62.08943557739258,208.6199951171875
2019-10-18,56.71574020385742,129.2060546875,100.74370574951172,105.42108154296875,49.56751251220703,87.87550354003906,61.67362976074219,208.75999450683594
2019-10-21,57.69934844970703,130.1652069091797,103.24224090576172,105.68524169921875,50.39595031738281,89.28299713134766,61.66718673706055,211.49000549316406
2019-10-22,57.56740188598633,128.22816467285156,104.27841186523438,106.65937042236328,50.652565002441406,88.2864990234375,61.5145378112793,210.6199951171875
2019-10-23,58.339881896972656,129.04623413085938,104.55416107177734,107.23725891113281,51.13642883300781,88.1084976196289,62.32882308959961,210.9600067138672
2019-10-24,58.435855865478516,131.58505249023438,104.47895812988281,105.25597381591797,50.652565002441406,89.03900146484375,62.40216064453125,210.25999450683594
2019-10-25,59.15556335449219,132.32777404785156,105.3145980834961,105.95767974853516,50.76985168457031,88.06649780273438,62.65938949584961,211.8000030517578
2019-10-28,59.74812698364258,135.5812530517578,105.7156982421875,106.64287567138672,50.322635650634766,88.85399627685547,63.882530212402344,212.86000061035156
2019-10-29,58.36627960205078,134.30250549316406,105.64884185791016,106.59334564208984,50.1760139465332,88.135498046875,62.47898864746094,213.00999450683594
2019-10-30,58.359073638916016,135.97622680664062,105.06391143798828,109.66433715820312,49.64815902709961,88.99949645996094,62.4809684753418,213.25
2019-10-31,59.67855453491211,134.81024169921875,104.38704681396484,109.00391387939453,49.53818130493164,88.83300018310547,62.38680648803711,212.5800018310547
2019-11-01,61.37226867675781,135.13937377929688,106.7936782836914,108.31047821044922,51.02644348144531,89.5719985961914,63.05339050292969,215.8300018310547
2019-11-04,61.77532196044922,135.9197998046875,107.64602661132812,107.50967407226562,52.54404830932617,90.23300170898438,63.913761138916016,217.97999572753906
2019-11-05,61.68656921386719,135.83518981933594,107.87999725341797,107.66653442382812,53.585086822509766,90.08550262451172,64.00447082519531,220.8800048828125
2019-11-06,61.71294021606445,135.458984375,108.0470962524414,108.11233520507812,52.412078857421875,89.78849792480469,63.983150482177734,222.0
2019-11-07,62.42518997192383,135.64710998535156,108.6320571899414,108.5003433227539,53.526451110839844,89.41000366210938,64.77265167236328,222.74000549316406
2019-11-08,62.596038818359375,137.24563598632812,108.94960021972656,109.79644012451172,52.509944915771484,89.29399871826172,64.87474060058594,221.30999755859375
2019-11-11,63.09173583984375,137.3866729736328,108.56519317626953,108.95437622070312,52.19089126586914,88.5824966430664,64.34345245361328,220.85000610351562
2019-11-12,63.03396987915039,138.28939819335938,107.93013763427734,108.4343032836914,51.47117233276367,88.9000015258789,64.29041290283203,220.88999938964844
2019-11-13,63.637943267822266,138.51499938964844,107.36190795898438,108.3682632446289,51.04825973510742,87.65550231933594,64.2393798828125,219.77000427246094
2019-11-14,63.197601318359375,139.22023010253906,107.46216583251953,108.11233520507812,50.82563400268555,87.7300033569336,64.88216400146484,219.36000061035156
2019-11-15,63.94835662841797,141.0161895751953,108.23932647705078,111.39798736572266,51.337608337402344,86.97450256347656,66.09095764160156,219.74000549316406
2019-11-18,64.27078247070312,141.3641357421875,109.150146484375,111.30715942382812,50.84046936035156,87.62650299072266,65.41197204589844,219.35000610351562
2019-11-19,64.07587432861328,141.4110870361328,109.11669921875,111.29890441894531,50.32110595703125,87.6395034790039,65.05266571044922,219.02999877929688
2019-11-20,63.32993698120117,141.16580200195312,108.3228530883789,112.22350311279297,50.4769172668457,87.27649688720703,64.52088165283203,217.47999572753906
2019-11-21,63.04601287841797,141.03369140625,108.57353973388672,112.63628387451172,51.69375228881836,86.7354965209961,64.4356460571289,216.6300048828125
2019-11-22,62.99065399169922,141.1375274658203,109.29220581054688,113.98189544677734,51.47117233276367,87.28600311279297,64.11497497558594,217.9600067138672
2019-11-25,64.09513854980469,142.68484497070312,109.87714385986328,114.03176879882812,51.129852294921875,88.69200134277344,64.70822143554688,219.05999755859375
2019-11-26,63.59462356567383,143.43963623046875,110.02754974365234,114.02348327636719,51.003719329833984,89.84700012207031,65.07299041748047,218.89999389648438
2019-11-27,64.44886016845703,143.71328735351562,110.35346984863281,114.5055923461914,50.97404861450195,90.92549896240234,65.02987670898438,220.5
2019-11-29,64.30686950683594,142.8263397216797,110.10274505615234,114.28948211669922,50.551116943359375,90.04000091552734,64.63140106201172,220.3000030517578
2019-12-02,63.5633430480957,141.09979248046875,109.86044311523438,114.18142700195312,50.766292572021484,89.08000183105469,63.8765869140625,220.3300018310547
2019-12-03,62.429996490478516,140.87335205078125,108.44821166992188,114.01515197753906,50.36560821533203,88.49800109863281,64.16801452636719,218.0800018310547
2019-12-04,62.98103332519531,141.3828125,110.5874252319336,115.86054992675781,50.936946868896484,88.03450012207031,65.36737060546875,218.39999389648438
2019-12-05,63.9050407409668,141.45826721191406,111.18907928466797,116.01018524169922,50.75886535644531,87.02400207519531,65.76486206054688,219.60000610351562
2019-12-06,65.13943481445312,143.17547607421875,112.84361267089844,116.69181060791016,51.57503890991211,87.58000183105469,66.3808822631836,222.61000061035156
2019-12-09,64.22747039794922,142.80752563476562,112.31719207763672,116.79158020019531,51.686344146728516,87.47550201416016,66.55929565429688,221.3800048828125
2019-12-10,64.60283660888672,142.59046936035156,112.39238739013672,116.36763763427734,51.24115753173828,86.96050262451172,66.55435180664062,221.25999450683594
2019-12-11,65.15387725830078,143.12826538085938,112.12498474121094,117.1905517578125,51.166961669921875,87.43599700927734,66.62175750732422,222.57000732421875
2019-12-12,65.31989288330078,144.58131408691406,115.33382415771484,117.48979187011719,52.19089126586914,88.0165023803711,66.8318862915039,225.9199981689453
2019-12-13,66.20781707763672,145.7983856201172,114.32272338867188,117.52306365966797,51.36729049682617,88.0469970703125,66.75159454345703,225.3699951171875
2019-12-16,67.34114837646484,146.7418670654297,114.76557159423828,117.86385345458984,51.9386100769043,88.46050262451172,67.43702697753906,226.85000610351562
2019-12-17,67.47349548339844,145.9493408203125,115.46749877929688,119.33518981933594,51.7011833190918,89.53299713134766,67.14906311035156,227.0500030517578
2019-12-18,67.31227111816406,145.64739990234375,115.3505630493164,119.02762603759766,51.8421516418457,89.20149993896484,67.00138092041016,225.00999450683594
2019-12-19,67.379638671875,146.91172790527344,114.77393341064453,120.8231430053711,51.48601531982422,89.61399841308594,67.22590637207031,225.2100067138672
2019-12-20,67.24009704589844,148.51560974121094,114.68205261230469,121.4133529663086,51.894107818603516,89.32499694824219,66.9671859741211,226.30999755859375
2019-12-23,68.33731842041016,148.51560974121094,114.64859008789062,121.72920989990234,52.153804779052734,89.6500015258789,66.93795013427734,225.47999572753906
2019-12-24,68.40227508544922,148.48733520507812,114.96615600585938,121.30529022216797,51.953453063964844,89.46050262451172,66.63066101074219,225.47000122070312
2019-12-26,69.7594223022461,149.70445251464844,116.18616485595703,121.22217559814453,52.035057067871094,93.4384994506836,67.52474212646484,226.4499969482422
2019-12-27,69.7329330444336,149.97805786132812,116.26973724365234,121.15568542480469,51.856998443603516,93.48999786376953,67.13668060302734,226.13999938964844
2019-12-30,70.14683532714844,148.68545532226562,115.84356689453125,120.78158569335938,51.55278778076172,92.34449768066406,66.39673614501953,225.75999450683594
2019-12-31,70.65935516357422,148.78927612304688,116.48699951171875,121.25540924072266,51.775394439697266,92.39199829101562,66.3808822631836,226.5
2020-01-02,72.27154541015625,151.54428100585938,117.89925384521484,121.33853912353516,52.60639953613281,94.90049743652344,67.8324966430664,228.38999938964844
2020-01-03,71.56891632080078,149.65728759765625,116.3433609008789,119.93370819091797,52.1834716796875,93.74849700927734,67.4776611328125,226.17999267578125
2020-01-06,72.1391830444336,150.04409790039062,116.25083923339844,119.78407287597656,52.58414077758789,95.14399719238281,69.2762222290039,226.99000549316406
2020-01-07,71.79991912841797,148.676025390625,114.27449798583984,120.51554107666016,52.153804779052734,95.34300231933594,69.14239501953125,225.9199981689453
2020-01-08,72.95492553710938,151.044189453125,115.16596984863281,120.49894714355469,51.36729049682617,94.59850311279297,69.63453674316406,225.99000549316406
2020-01-09,74.50453186035156,152.93124389648438,115.5864486694336,120.85638427734375,51.760555267333984,95.05249786376953,70.36556243896484,228.64999389648438
2020-01-10,74.67296600341797,152.22357177734375,114.43431091308594,120.58206176757812,51.30051040649414,94.15799713134766,70.82001495361328,226.6199951171875
2020-01-13,76.26829528808594,154.05397033691406,115.38461303710938,121.11409759521484,51.79021453857422,94.56500244140625,71.36865997314453,228.4499969482422
2020-01-14,75.2384262084961,152.9689483642578,116.73023986816406,121.79572296142578,51.345035552978516,93.47200012207031,70.90081024169922,227.1699981689453
2020-01-15,74.91600036621094,153.95960998535156,114.98095703125,122.20301818847656,51.263423919677734,93.10099792480469,71.32752227783203,228.35000610351562
2020-01-16,75.85444641113281,156.78065490722656,115.42668151855469,123.19226837158203,51.063079833984375,93.89700317382812,71.87071228027344,229.72999572753906
2020-01-17,76.69422912597656,157.65809631347656,116.22559356689453,123.99854278564453,50.87015151977539,93.23600006103516,73.32579803466797,230.1999969482422
2020-01-21,76.17448425292969,157.092041015625,115.08187866210938,124.0816421508789,50.14303207397461,94.5999984741211,73.46110534667969,228.6300048828125
2020-01-22,76.44635772705078,156.3372039794922,114.94731140136719,123.23377990722656,49.853668212890625,94.37300109863281,73.5413818359375,229.5399932861328
2020-01-23,76.8145523071289,157.29957580566406,114.82955932617188,123.46653747558594,49.542015075683594,94.22899627685547,73.58203887939453,229.3800048828125
2020-01-24,76.59314727783203,155.71453857421875,111.97856903076172,123.2919692993164,49.20812225341797,93.08200073242188,72.66417694091797,226.86000061035156
2020-01-27,74.3409194946289,153.11045837402344,111.03667449951172,123.64939880371094,48.035804748535156,91.41699981689453,70.95732116699219,222.4499969482422
2020-01-28,76.44400024414062,156.11077880859375,113.0550765991211,124.2728500366211,47.969017028808594,92.6624984741211,71.88756561279297,224.02999877929688
2020-01-29,78.04412078857422,158.54495239257812,112.8868637084961,125.1373519897461,47.568359375,92.9000015258789,72.19482421875,224.5
2020-01-30,77.9310073852539,163.01718139648438,114.28291320800781,124.9877700805664,48.07289123535156,93.53399658203125,72.07341003417969,227.8800048828125
2020-01-31,74.47565460205078,160.61126708984375,111.31421661376953,123.74915313720703,46.0918083190918,100.43599700927734,71.00934600830078,224.42999267578125
2020-02-03,74.27112579345703,164.52679443359375,112.1635971069336,124.82981872558594,45.060462951660156,100.20999908447266,73.47843933105469,223.47000122070312
2020-02-04,76.72309112548828,169.94244384765625,113.77831268310547,126.0185317993164,44.496559143066406,102.4834976196289,71.63529968261719,225.0800018310547
2020-02-05,77.34870147705078,169.73487854003906,115.71261596679688,128.0052032470703,46.54442596435547,101.99349975585938,71.66700744628906,228.64999389648438
2020-02-06,78.25347900390625,173.25411987304688,115.72943115234375,127.6228256225586,45.913734436035156,102.5114974975586,73.14986419677734,229.61000061035156
2020-02-07,77.18978118896484,173.49937438964844,115.35939025878906,126.25959777832031,45.609519958496094,103.96399688720703,73.30548858642578,227.3800048828125
2020-02-10,77.556396484375,178.03762817382812,115.8387680053711,126.23464965820312,45.127830505371094,106.69550323486328,74.77000427246094,227.11000061035156
2020-02-11,77.0884780883789,174.01834106445312,116.05742645263672,126.34271240234375,45.55683898925781,107.54000091552734,74.83938598632812,227.3300018310547
2020-02-12,78.919189453125,174.2731170654297,116.05742645263672,125.59456634521484,46.113792419433594,108.0,75.26412963867188,227.44000244140625
2020-02-13,78.35718536376953,173.32957458496094,115.95651245117188,124.76325225830078,45.85789489746094,107.49349975585938,75.0044174194336,226.47000122070312
2020-02-14,78.37646484375,174.87693786621094,115.60328674316406,124.79654693603516,45.647159576416016,106.74349975585938,75.2690658569336,226.8000030517578
2020-02-18,76.94134521484375,176.65065002441406,114.07268524169922,123.97360229492188,45.067630767822266,107.78350067138672,75.30426025390625,226.77000427246094
2020-02-19,78.05567932128906,177.18048095703125,115.62853240966797,123.80736541748047,45.41383743286133,108.51100158691406,75.57337188720703,229.24000549316406
2020-02-20,77.25489807128906,174.47470092773438,115.62853240966797,123.33354187011719,45.05257797241211,107.65499877929688,75.18283081054688,228.1699981689453
2020-02-21,75.50625610351562,168.95912170410156,114.21560668945312,124.63031768798828,44.50315475463867,104.79850006103516,73.52106475830078,229.3300018310547
2020-02-24,71.91966247558594,161.67437744140625,111.14600372314453,122.06205749511719,42.41836929321289,100.4645004272461,70.36901092529297,221.69000244140625
2020-02-25,69.48359680175781,159.0064239501953,106.18412017822266,121.00801849365234,40.79267120361328,98.63700103759766,68.70675659179688,218.0500030517578
2020-02-26,70.58584594726562,160.99322509765625,106.50371551513672,120.196533203125,39.89704132080078,98.97949981689453,68.91243743896484,216.05999755859375
2020-02-27,65.9717788696289,149.64974975585938,102.0716781616211,116.3818130493164,37.49613952636719,94.21499633789062,65.16962432861328,207.6699981689453
2020-02-28,65.93321228027344,153.2732391357422,97.64802551269531,112.5002212524414,38.71541213989258,94.1875,66.37393951416016,206.33999633789062
2020-03-02,72.07162475585938,163.47189331054688,102.19780731201172,117.1347427368164,40.55183792114258,97.69750213623047,68.70675659179688,217.6300048828125
2020-03-03,69.78267669677734,155.63836669921875,98.36287689208984,113.42877960205078,38.61004638671875,95.44950103759766,66.2981185913086,208.80999755859375
2020-03-04,73.01952362060547,161.35269165039062,100.79334259033203,120.02922821044922,39.4529914855957,98.79149627685547,68.47284698486328,217.86000061035156
2020-03-05,70.65099334716797,157.30348205566406,95.84830474853516,118.79949188232422,37.71440887451172,96.20149993896484,65.16020965576172,208.9600067138672
2020-03-06,69.71272277832031,152.8569793701172,90.89483642578125,118.8161849975586,35.893043518066406,95.05449676513672,64.21756744384766,205.97999572753906
2020-03-09,64.19902801513672,142.49746704101562,78.58265686035156,114.139892578125,31.50518798828125,90.03050231933594,60.25520324707031,193.1300048828125
2020-03-10,68.82274627685547,152.24200439453125,84.68827819824219,118.48997497558594,32.67176818847656,94.59100341796875,63.1981086730957,202.72999572753906
2020-03-11,66.43246459960938,145.34515380859375,80.70197296142578,110.25826263427734,31.595510482788086,91.04299926757812,60.01285171508789,194.63999938964844
2020-03-12,59.8719482421875,131.56089782714844,74.04969024658203,104.91265106201172,27.982868194580078,83.83049774169922,55.08900833129883,175.97000122070312
2020-03-13,67.04510498046875,150.2647247314453,87.38788604736328,112.3412857055664,28.69034767150879,89.25,60.179874420166016,196.39999389648438
2020-03-16,58.41996383666992,128.11712646484375,74.31038665771484,106.35152435302734,25.958293914794922,84.4574966430664,53.1784553527832,177.77000427246094
2020-03-17,60.98869323730469,138.6658935546875,78.85176086425781,114.26535034179688,27.704402923583984,90.39199829101562,55.411659240722656,187.60000610351562
2020-03-18,59.495704650878906,132.82859802246094,70.55113983154297,112.9017562866211,24.927188873291016,91.5,54.0799560546875,172.44000244140625
2020-03-19,59.03982925415039,135.0140838623047,71.7369384765625,106.28458404541016,25.91313934326172,94.04650115966797,55.09495162963867,174.67999267578125
2020-03-20,55.291648864746094,129.94309997558594,70.22313690185547,100.29483795166016,24.641185760498047,92.30449676513672,52.94105529785156,170.05999755859375
2020-03-23,54.117042541503906,128.64695739746094,66.4638900756836,92.97496032714844,23.670291900634766,95.1415023803711,52.24325180053711,162.1300048828125
2020-03-24,59.54634475708008,140.34043884277344,74.36925506591797,99.70089721679688,26.67329216003418,97.00499725341797,56.00389862060547,178.1999969482422
2020-03-25,59.21830749511719,138.9970245361328,77.14454650878906,99.88491821289062,28.0656681060791,94.29199981689453,54.59688186645508,180.47000122070312
2020-03-26,62.33454895019531,147.69143676757812,82.51850891113281,105.88304138183594,29.217193603515625,97.77449798583984,57.63493728637695,183.89999389648438
2020-03-27,59.75377655029297,141.62710571289062,76.63997650146484,103.0304183959961,27.809772491455078,95.00499725341797,55.02507019042969,179.66000366210938
2020-03-30,61.459022521972656,151.58921813964844,78.63312530517578,111.27047729492188,28.223712921142578,98.19750213623047,56.811737060546875,183.17999267578125
2020-03-31,61.333587646484375,149.20509338378906,75.71484375,109.69776916503906,28.57744598388672,97.48600006103516,57.58686447143555,182.8300018310547
2020-04-01,58.106407165527344,143.90708923339844,70.94642639160156,107.75691986083984,28.246294021606445,95.38500213623047,54.620662689208984,175.9499969482422
2020-04-02,59.076011657714844,146.88722229003906,73.59555053710938,111.38760375976562,30.406339645385742,95.94149780273438,55.36060333251953,179.72999572753906
2020-04-03,58.22700881958008,145.5343475341797,71.42021179199219,112.24089050292969,29.51070785522461,95.32949829101562,54.15480041503906,178.33999633789062
2020-04-06,63.30657958984375,156.35745239257812,76.01727294921875,116.91724395751953,30.459043502807617,99.87950134277344,58.63953399658203,185.24000549316406
2020-04-07,62.57334518432617,154.67340087890625,77.01997375488281,115.00992584228516,31.038564682006836,100.58000183105469,58.608306884765625,185.25
2020-04-08,64.17488861083984,156.2250213623047,80.1300048828125,119.84516143798828,33.002925872802734,102.1500015258789,59.81956481933594,191.00999450683594
2020-04-09,64.6379623413086,156.23443603515625,87.31876373291016,118.1469955444336,32.46103286743164,102.13800048828125,59.798255920410156,193.83999633789062
2020-04-13,65.90668487548828,156.58448791503906,83.43546295166016,116.92561340332031,32.182559967041016,108.44349670410156,59.98856735229492,188.77000427246094
2020-04-14,69.23517608642578,164.3328399658203,81.14969635009766,122.16249084472656,31.934194564819336,114.16600036621094,62.705482482910156,192.94000244140625
2020-04-15,68.60321807861328,162.6110076904297,77.14743041992188,123.52603149414062,30.466556549072266,115.38400268554688,62.312461853027344,188.57000732421875
2020-04-16,69.14833068847656,167.49267578125,74.20735168457031,125.20755004882812,29.465557098388672,120.40950012207031,62.318904876708984,187.9600067138672
2020-04-17,68.21009063720703,168.96861267089844,80.8777847290039,127.17345428466797,32.528770446777344,118.75,63.3879280090332,191.1999969482422
2020-04-20,66.79424285888672,165.6194610595703,77.92919921875,126.8806381225586,30.9934024810791,119.68049621582031,62.50326156616211,188.75
2020-04-21,64.72962951660156,158.7699432373047,75.66889190673828,125.21587371826172,30.82782745361328,116.40599822998047,60.07529830932617,183.47999572753906
2020-04-22,66.59407043457031,164.1625518798828,75.91531372070312,127.98491668701172,31.708404541015625,118.17449951171875,62.36747360229492,186.5800018310547
2020-04-23,66.33598327636719,162.17578125,75.95780181884766,130.09303283691406,32.70188522338867,119.97250366210938,62.999855041503906,185.6300048828125
2020-04-24,68.25106048583984,165.13694763183594,77.07946014404297,129.54922485351562,32.91262435913086,120.51100158691406,63.268985748291016,186.52000427246094
2020-04-27,68.29932403564453,164.66392517089844,80.40193176269531,129.0724334716797,33.07066345214844,118.80000305175781,62.98450469970703,187.4600067138672
2020-04-28,67.19222259521484,160.65261840820312,80.97125244140625,126.64643096923828,33.84588623046875,115.7040023803711,61.08782196044922,187.1199951171875
2020-04-29,69.39915466308594,167.86167907714844,83.15505981445312,125.68435668945312,35.719940185546875,118.635498046875,66.5191650390625,189.61000061035156
2020-04-30,70.86323547363281,169.5457305908203,81.37062072753906,125.5170669555664,34.974830627441406,123.69999694824219,66.74317169189453,187.36000061035156
2020-05-01,69.72236633300781,165.15594482421875,79.2377700805664,124.0531005859375,32.46856689453125,114.302001953125,65.2870864868164,182.6699981689453
2020-05-04,70.7088394165039,169.19566345214844,78.2945785522461,124.03632354736328,33.77814865112305,115.79949951171875,65.56363677978516,177.9499969482422
2020-05-05,71.77011108398438,171.01205444335938,78.17562103271484,125.06529998779297,33.740516662597656,115.88999938964844,66.85814666748047,176.02999877929688
2020-05-06,72.51057434082031,172.6960906982422,76.70555877685547,123.87742614746094,33.10830307006836,117.56300354003906,66.68023681640625,172.3800048828125
2020-05-07,73.26071166992188,173.69894409179688,77.50433349609375,123.46749877929688,33.29645538330078,118.38050079345703,67.86225128173828,173.47999572753906
2020-05-08,75.00442504882812,174.72068786621094,78.77043151855469,124.39604187011719,34.75656509399414,118.98049926757812,68.60863494873047,176.8300018310547
2020-05-11,76.18466186523438,176.6696319580078,76.45064544677734,124.73907470703125,34.42539978027344,120.44999694824219,69.56266021728516,174.63999938964844
2020-05-12,75.31401824951172,172.66769409179688,73.95242309570312,123.0910415649414,33.849979400634766,117.84750366210938,68.15465545654297,172.80999755859375
2020-05-13,74.40465545654297,170.05654907226562,71.40321350097656,123.08270263671875,32.16976547241211,118.39600372314453,66.8239517211914,170.57000732421875
2020-05-14,74.86176300048828,170.79452514648438,74.3687973022461,123.50929260253906,32.453636169433594,119.44249725341797,67.24671173095703,170.92999267578125
2020-05-15,74.41915893554688,173.28269958496094,72.99224090576172,125.85163116455078,32.223472595214844,120.48899841308594,68.04959106445312,169.25
2020-05-18,76.17257690429688,174.93832397460938,76.85852813720703,125.91859436035156,34.78600311279297,121.31300354003906,68.65026092529297,175.4600067138672
2020-05-19,75.7323989868164,173.7273406982422,75.34598541259766,124.6637954711914,33.711891174316406,122.46649932861328,68.11600494384766,172.49000549316406
2020-05-20,77.20528411865234,176.13706970214844,77.60629272460938,123.54279327392578,34.80902099609375,124.89700317382812,69.83871459960938,176.02000427246094
2020-05-21,76.62966918945312,174.02139282226562,76.62059020996094,122.73133087158203,34.18756866455078,122.33699798583984,69.71928405761719,174.94000244140625
2020-05-22,77.123046875,174.09732055664062,76.02578735351562,121.61096954345703,34.2182502746582,121.84400177001953,70.04093170166016,174.92999267578125
2020-05-26,76.60065460205078,172.25682067871094,81.42157745361328,121.77101135253906,35.223323822021484,121.09300231933594,70.44384765625,180.33999633789062
2020-05-27,76.93440246582031,172.48451232910156,86.13763427734375,122.04901123046875,35.476505279541016,120.51950073242188,70.38982391357422,185.77000427246094
2020-05-28,76.96827697753906,172.0955352783203,84.85453033447266,123.80110168457031,34.55583190917969,120.05500030517578,70.28873443603516,185.10000610351562
2020-05-29,76.89328002929688,173.85064697265625,82.68769073486328,125.30048370361328,34.885746002197266,122.11849975585938,71.0460205078125,185.5800018310547
2020-06-01,77.83890533447266,173.45217895507812,83.78385162353516,123.98641967773438,35.5072021484375,123.552001953125,71.1129150390625,183.83999633789062
2020-06-02,78.19925689697266,175.425537109375,84.06427001953125,124.87934112548828,36.29743957519531,123.62049865722656,71.48165130615234,185.94000244140625
2020-06-03,78.62976837158203,175.85243225097656,88.60186767578125,125.21627044677734,37.77817916870117,123.91999816894531,71.33000183105469,190.82000732421875
2020-06-04,77.95259857177734,173.53759765625,90.4457778930664,123.59893035888672,37.67076873779297,123.02999877929688,70.09346008300781,192.0500030517578
2020-06-05,80.17274475097656,177.59803771972656,94.51602935791016,124.07909393310547,40.724327087402344,124.1500015258789,71.3681640625,200.66000366210938
2020-06-08,80.64677429199219,178.69851684570312,96.40243530273438,123.63265228271484,41.997920989990234,126.2030029296875,71.76563262939453,201.55999755859375
2020-06-09,83.19341278076172,180.06466674804688,93.92967987060547,122.95033264160156,41.061912536621094,130.04299926757812,71.96585845947266,196.07000732421875
2020-06-10,85.33378601074219,186.74359130859375,90.12289428710938,124.50025177001953,38.8599739074707,132.37249755859375,72.59131622314453,191.50999450683594
2020-06-11,81.23686218261719,176.7157745361328,82.60274505615234,118.66271209716797,35.43046951293945,127.89800262451172,69.47891998291016,178.02000427246094
2020-06-12,81.938232421875,178.11032104492188,84.863037109375,119.740966796875,36.19002151489258,127.2509994506836,70.02507781982422,181.2100067138672
2020-06-15,82.95157623291016,179.24879455566406,86.03567504882812,118.98284149169922,36.16701126098633,128.63400268554688,70.41263580322266,181.5500030517578
2020-06-16,85.14998626708984,183.64132690429688,86.72394561767578,121.68682861328125,36.98027038574219,130.7635040283203,71.68782806396484,182.3000030517578
2020-06-17,85.03148651123047,184.27696228027344,84.53162384033203,121.3161392211914,35.775726318359375,132.0489959716797,71.9886474609375,180.86000061035156
2020-06-18,85.06532287597656,186.25025939941406,84.07276916503906,120.80233001708984,35.99821853637695,132.69900512695312,71.07575988769531,180.72999572753906
2020-06-19,84.5792007446289,185.1402130126953,83.1125717163086,121.15612030029297,35.27703094482422,133.75050354003906,70.6059341430664,179.72000122070312
2020-06-22,86.79212951660156,190.28225708007812,82.21185302734375,120.78546142578125,35.61461639404297,135.6909942626953,71.89550018310547,180.1699981689453
2020-06-23,88.6446762084961,191.55361938476562,83.21454620361328,120.3390121459961,35.82943344116211,138.2205047607422,72.5556411743164,181.00999450683594
2020-06-24,87.07994842529297,187.69232177734375,80.4359130859375,117.77828979492188,34.14153289794922,136.72000122070312,71.00537872314453,177.52999877929688
2020-06-25,88.2359619140625,190.06405639648438,83.24004364013672,117.65191650390625,34.655574798583984,137.72900390625,71.42168426513672,178.85000610351562
2020-06-26,85.52484130859375,186.25973510742188,78.67695617675781,116.0851058959961,33.466365814208984,134.64349365234375,67.52821350097656,175.3699951171875
2020-06-29,87.49591827392578,188.26150512695312,79.02536010742188,117.12120819091797,34.003421783447266,134.0189971923828,69.24449920654297,177.19000244140625
2020-06-30,88.2262954711914,193.07147216796875,79.92606353759766,118.46054077148438,34.31031799316406,137.9409942626953,70.27932739257812,178.50999450683594
2020-07-01,88.05941772460938,194.200439453125,79.24626922607422,118.24998474121094,33.53541946411133,143.93499755859375,71.46630096435547,177.99000549316406
2020-07-02,88.05941772460938,195.680419921875,79.5036849975586,118.74696350097656,33.81930160522461,144.51499938964844,72.85050964355469,178.8300018310547
2020-07-06,90.41500854492188,199.8926544189453,81.51145935058594,120.44010925292969,34.05714416503906,152.8520050048828,74.3234634399414,182.72000122070312
2020-07-07,90.13447570800781,197.56834411621094,79.21195220947266,120.3305892944336,33.17483139038086,150.00599670410156,73.84123992919922,181.14999389648438
2020-07-08,92.23371887207031,201.91343688964844,80.05281829833984,120.68438720703125,33.09811019897461,154.0554962158203,74.51921081542969,181.1999969482422
2020-07-09,92.63036346435547,203.3269805908203,78.31961059570312,120.02737426757812,31.732454299926758,159.13150024414062,75.2656021118164,178.8000030517578
2020-07-10,92.7923812866211,202.71038818359375,82.60110473632812,119.92623901367188,32.722171783447266,160.0,76.2741470336914,182.89999389648438
2020-07-13,92.36432647705078,196.4488525390625,83.78517150878906,122.31855010986328,32.7298469543457,155.1999969482422,74.94692993164062,184.1300048828125
2020-07-14,93.8927993774414,197.6632537841797,84.26566314697266,124.60135650634766,33.81163024902344,154.1999969482422,75.37464141845703,189.7100067138672
2020-07-15,94.53853607177734,197.36907958984375,85.56986236572266,124.88777160644531,34.24128341674805,150.44349670410156,75.1773910522461,190.55999755859375
2020-07-16,93.37523651123047,193.46043395996094,85.81010437011719,125.72167205810547,33.97273635864258,149.9949951171875,75.08025360107422,191.00999450683594
2020-07-17,93.18659973144531,192.47377014160156,84.22279357910156,125.805908203125,33.389652252197266,148.09849548339844,75.17589569091797,190.75999450683594
2020-07-20,95.15040588378906,200.74652099609375,83.4848861694336,126.0165023803711,32.607086181640625,159.8419952392578,77.50475311279297,190.47999572753906
2020-07-21,93.83718872070312,198.04270935058594,85.29530334472656,126.13443756103516,34.25661087036133,156.9145050048828,77.11222839355469,192.27000427246094
2020-07-22,94.10082244873047,200.88885498046875,84.67752075195312,126.36184692382812,33.45870590209961,154.99549865722656,77.55480194091797,192.10000610351562
2020-07-23,89.81765747070312,192.1512451171875,84.92634582519531,126.02490234375,33.52775192260742,149.32749938964844,75.17095184326172,193.25
2020-07-24,89.59513854980469,190.9748077392578,84.32573699951172,124.7697982788086,33.32060623168945,150.44549560546875,74.74769592285156,194.52000427246094
2020-07-27,91.71858978271484,193.39401245117188,83.14167785644531,123.97796630859375,33.81163024902344,152.760498046875,75.79936981201172,192.13999938964844
2020-07-28,90.21187591552734,191.6579132080078,83.50204467773438,123.68317413330078,33.41267395019531,150.01649475097656,74.5217056274414,194.1199951171875
2020-07-29,91.94110870361328,193.59326171875,85.52694702148438,123.43888854980469,33.780941009521484,151.67649841308594,75.5059814453125,196.41000366210938
2020-07-30,93.05360412597656,193.44146728515625,83.24462890625,123.69158172607422,32.12372970581055,152.593994140625,76.24243927001953,194.3000030517578
2020-07-31,102.79522705078125,194.49452209472656,82.91857147216797,122.78184509277344,32.284854888916016,158.23399353027344,73.74359130859375,195.77999877929688
2020-08-03,105.38544464111328,205.43312072753906,82.45525360107422,124.12122344970703,32.415279388427734,155.59449768066406,73.48638153076172,199.25999450683594
2020-08-04,106.0892333984375,202.3498077392578,81.98336029052734,124.01168060302734,33.351280212402344,156.94149780273438,73.01753997802734,200.24000549316406
2020-08-05,106.47376251220703,202.01776123046875,83.40764617919922,125.00566864013672,33.642822265625,160.25149536132812,73.30448913574219,203.6199951171875
2020-08-06,110.18854522705078,205.25289916992188,83.43340301513672,124.28971862792969,33.481712341308594,161.25,74.58612823486328,205.02000427246094
2020-08-07,107.68333435058594,201.58135986328125,85.26953887939453,125.17414855957031,33.328277587890625,158.3730010986328,74.26001739501953,209.47999572753906
2020-08-10,109.24848937988281,197.56834411621094,86.35066223144531,124.69401550292969,34.149208068847656,157.4080047607422,74.1832046508789,212.5800018310547
2020-08-11,105.99945068359375,192.9481658935547,89.07913208007812,123.80110168457031,34.50213623046875,154.0334930419922,73.37635803222656,212.66000366210938
2020-08-12,109.52227783203125,198.4601287841797,88.32408142089844,126.06707000732422,34.494300842285156,158.11199951171875,74.69961547851562,213.24000549316406
2020-08-13,111.46054077148438,197.9952850341797,87.83501434326172,124.66873931884766,33.64935302734375,158.05099487304688,75.16597747802734,211.97999572753906
2020-08-14,111.36119842529297,198.1850128173828,87.86933898925781,124.87092590332031,33.798004150390625,157.4010009765625,74.57026672363281,210.9600067138672
2020-08-17,111.07044219970703,199.49420166015625,85.55269622802734,125.502685546875,33.35988998413086,159.12049865722656,75.14566040039062,206.77999877929688
2020-08-18,111.9959945678711,200.64222717285156,84.36006164550781,126.42927551269531,33.195587158203125,165.62449645996094,77.10528564453125,208.3300018310547
2020-08-19,112.13651275634766,199.42486572265625,84.55741119384766,126.68196868896484,32.827880859375,163.0240020751953,76.55171203613281,207.2100067138672
2020-08-20,114.62476348876953,204.06573486328125,83.5449447631836,127.5495834350586,32.32716751098633,164.86849975585938,78.11979675292969,206.1199951171875
2020-08-21,120.53166961669922,202.58224487304688,83.50204467773438,128.67835998535156,32.08463668823242,164.23599243164062,78.08610534667969,207.42999267578125
2020-08-24,121.97325134277344,203.21934509277344,85.8530044555664,129.0175323486328,33.03129577636719,165.3730010986328,78.5608901977539,212.61000061035156
2020-08-25,120.97264099121094,205.86314392089844,86.23052978515625,128.94122314453125,31.98292350769043,167.32449340820312,79.5867919921875,213.35000610351562
2020-08-26,122.61772918701172,210.3138885498047,85.02072143554688,129.1447296142578,31.302270889282227,172.09249877929688,81.48396301269531,214.66000366210938
2020-08-27,121.15192413330078,215.477783203125,87.81784057617188,129.72137451171875,31.091032028198242,170.0,80.71031951904297,216.8699951171875
2020-08-28,120.95568084716797,217.69361877441406,88.17820739746094,130.281005859375,31.83428192138672,170.08999633789062,81.25101470947266,218.5500030517578
2020-08-31,125.05752563476562,214.47921752929688,85.96454620361328,130.08596801757812,31.247509002685547,172.54800415039062,80.76038360595703,218.0399932861328
2020-09-01,130.0389404296875,216.13397216796875,85.92164611816406,128.4833526611328,30.8485050201416,174.95599365234375,82.02664947509766,218.5500030517578
2020-09-02,127.3447036743164,220.29933166503906,87.21724700927734,130.4420928955078,30.660736083984375,176.57249450683594,85.11476135253906,221.67999267578125
2020-09-03,117.14937591552734,206.6524658203125,86.94267272949219,126.81283569335938,30.598148345947266,168.39999389648438,80.75939178466797,218.14999389648438
2020-09-04,117.22692108154297,203.75193786621094,88.82173156738281,125.99882507324219,30.574678421020508,164.7310028076172,78.3656234741211,218.32000732421875
2020-09-08,109.33812713623047,192.72982788085938,85.73287963867188,124.87103271484375,29.870555877685547,157.49200439453125,75.51042175292969,217.8000030517578
2020-09-09,113.69923400878906,200.9369659423828,86.5479965209961,126.94002532958984,29.690616607666016,163.4304962158203,76.6815414428711,219.6300048828125
2020-09-10,109.98744201660156,195.30703735351562,85.65567779541016,124.57421112060547,28.947368621826172,158.7554931640625,75.6318588256836,217.8000030517578
2020-09-11,108.54342651367188,194.03269958496094,86.71959686279297,125.31195068359375,28.869131088256836,155.81100463867188,75.12187957763672,217.92999267578125
2020-09-14,111.79975128173828,195.34512329101562,87.92081451416016,125.79528045654297,28.681367874145508,155.14849853515625,74.77842712402344,219.94000244140625
2020-09-15,111.97419738769531,198.5499267578125,85.1837387084961,126.2531967163086,28.376245498657227,157.80650329589844,76.08135986328125,218.94000244140625
2020-09-16,108.66943359375,195.00274658203125,85.54412841796875,125.8376693725586,29.581077575683594,153.90499877929688,74.93998718261719,219.58999633789062
2020-09-17,106.93464660644531,192.9676055908203,84.56597900390625,124.794677734375,29.573259353637695,150.43649291992188,73.69849395751953,218.0500030517578
2020-09-18,103.54267883300781,190.57106018066406,84.38581085205078,126.49908447265625,29.09601402282715,147.74549865722656,71.91679382324219,218.2100067138672
2020-09-21,106.68269348144531,192.61572265625,81.77742004394531,123.03942108154297,28.50142478942871,148.02349853515625,70.87850189208984,213.02000427246094
2020-09-22,108.35929107666016,197.25660705566406,80.88510131835938,122.28470611572266,27.797292709350586,156.44949340820312,72.34945678710938,214.16000366210938
2020-09-23,103.81404113769531,190.76129150390625,79.57231903076172,122.47974395751953,26.90540313720703,149.9929962158203,69.8501205444336,209.61000061035156
2020-09-24,104.88008880615234,193.23387145996094,79.5036849975586,122.6747817993164,26.850637435913086,150.989501953125,70.5177001953125,208.72000122070312
2020-09-25,108.81478881835938,197.6370391845703,80.19868469238281,123.51423645019531,27.100988388061523,154.75650024414062,71.32059478759766,210.4499969482422
2020-09-28,111.4120864868164,199.17767333984375,82.50675201416016,124.74380493164062,27.62516975402832,158.70249938964844,72.2919692993164,213.5399932861328
2020-09-29,110.56892395019531,197.1044464111328,81.81175231933594,124.7013931274414,26.8193416595459,157.24400329589844,72.65674591064453,210.44000244140625
2020-09-30,112.23583984375,200.0240020751953,82.60110473632812,126.24472045898438,26.858469009399414,157.43649291992188,72.63592529296875,212.94000244140625
2020-10-01,113.18560028076172,202.04966735839844,83.20172882080078,124.9218978881836,25.919626235961914,161.06300354003906,73.74113464355469,212.02000427246094
2020-10-02,109.5319595336914,196.0868682861328,83.9910888671875,124.00606536865234,25.80227279663086,156.25,72.14031219482422,211.17999267578125
2020-10-05,112.90457153320312,200.0716094970703,85.76637268066406,125.69349670410156,26.396873474121094,159.9600067138672,73.4898452758789,212.36000061035156
2020-10-06,109.66763305664062,195.82058715820312,84.883056640625,124.02302551269531,26.123037338256836,154.9980010986328,71.913330078125,210.25999450683594
2020-10-07,111.52839660644531,199.54847717285156,86.36389923095703,125.39671325683594,26.209102630615234,159.7845001220703,72.31575012207031,213.2899932861328
2020-10-08,111.4217758178711,200.26174926757812,88.13915252685547,126.2531967163086,27.586061477661133,159.52749633789062,73.51957702636719,215.14999389648438
2020-10-09,113.36003875732422,205.23548889160156,87.63687896728516,128.01693725585938,27.179229736328125,164.33250427246094,74.85871124267578,215.67999267578125
2020-10-12,120.56073760986328,210.55160522460938,88.710693359375,128.75466918945312,27.093172073364258,172.14649963378906,77.54191589355469,216.41000366210938
2020-10-13,117.36258697509766,211.9400634765625,87.27314758300781,125.80377197265625,26.772401809692383,172.18150329589844,77.66483306884766,212.30999755859375
2020-10-14,117.44979095458984,210.0380096435547,86.78822326660156,125.58329010009766,26.717639923095703,168.1855010986328,77.48492431640625,210.91000366210938
2020-10-15,116.98462677001953,208.89683532714844,88.08717346191406,124.81165313720703,26.952346801757812,166.9324951171875,77.08991241455078,211.64999389648438
2020-10-16,115.34676361083984,208.89683532714844,87.90531921386719,125.58329010009766,26.67852020263672,163.635498046875,77.6960678100586,211.91000366210938
2020-10-19,112.40059661865234,203.72341918945312,86.42450714111328,122.37799072265625,26.146507263183594,160.36050415039062,75.82514190673828,208.99000549316406
2020-10-20,113.88338470458984,204.13233947753906,86.91809844970703,122.5730209350586,26.365577697753906,160.85049438476562,76.87235260009766,210.05999755859375
2020-10-21,113.26312255859375,204.2749481201172,86.0521469116211,122.04727935791016,25.943099975585938,159.2469940185547,78.60250854492188,210.17999267578125
2020-10-22,112.17768859863281,204.3605499267578,89.0916976928711,123.02244567871094,27.27311897277832,158.82000732421875,79.6269302368164,211.61000061035156
2020-10-23,111.48963165283203,205.63491821289062,89.89708709716797,123.15814208984375,26.725460052490234,160.22000122070312,80.93136596679688,212.7100067138672
2020-10-26,111.49933624267578,199.7863006591797,87.67149353027344,122.08122253417969,26.09174346923828,160.3520050048828,78.51826477050781,208.49000549316406
2020-10-27,113.00144958496094,202.8009490966797,86.01750183105469,121.38585662841797,25.677091598510742,164.31649780273438,79.24134826660156,206.8800048828125
2020-10-28,107.76811981201172,192.74884033203125,83.60142517089844,117.32413482666016,24.69914436340332,158.13900756835938,74.87605285644531,200.6999969482422
2020-10-29,111.76097106933594,194.6889190673828,84.14700317382812,116.33201599121094,25.794452667236328,160.55050659179688,77.1598129272461,201.50999450683594
2020-10-30,105.50035095214844,192.54917907714844,84.90037536621094,116.26419067382812,25.5206241607666,151.8074951171875,80.09528350830078,201.89999389648438
2020-11-02,105.41311645507812,192.41603088378906,86.81419372558594,117.60394287109375,26.59245491027832,150.2239990234375,80.5021743774414,204.30999755859375
2020-11-03,107.03157806396484,196.31507873535156,89.55068969726562,117.4428482055664,26.138687133789062,152.42050170898438,81.5597915649414,206.6300048828125
2020-11-04,111.40238952636719,205.78709411621094,86.81419372558594,118.20602416992188,25.99785804748535,162.05799865722656,86.52525329589844,206.1699981689453
2020-11-05,115.35646057128906,212.34896850585938,90.36470794677734,118.51127624511719,25.950918197631836,166.10000610351562,87.3504409790039,207.4499969482422
2020-11-06,115.22541046142578,212.75791931152344,89.1609878540039,120.6227035522461,25.645795822143555,165.56849670410156,87.2131576538086,208.85000610351562
2020-11-09,112.9245834350586,207.68907165527344,101.23272705078125,123.87042236328125,28.89260482788086,157.18699645996094,87.29692840576172,221.5
2020-11-10,112.58483123779297,200.6707000732422,100.90363311767578,125.73592376708984,29.533594131469727,151.75100708007812,86.12232971191406,228.47999572753906
2020-11-11,116.0020751953125,205.93923950195312,99.39681243896484,125.3288803100586,29.2291259765625,156.8695068359375,86.59366607666016,227.3699951171875
2020-11-12,115.73023986816406,204.88363647460938,98.17581939697266,125.75291442871094,28.227567672729492,155.51400756835938,86.37509155273438,224.72000122070312
2020-11-13,115.77875518798828,205.9011993408203,98.79065704345703,127.109619140625,28.908632278442383,156.4405059814453,87.83414459228516,227.4199981689453
2020-11-16,116.78841400146484,206.5858917236328,101.5791015625,127.91522979736328,30.57518768310547,156.55299377441406,87.921875,233.10000610351562
2020-11-17,115.90499877929688,203.95164489746094,100.54859924316406,126.64325714111328,30.98382568359375,156.7830047607422,87.30882263183594,233.16000366210938
2020-11-18,114.5846939086914,201.2627716064453,99.8038330078125,124.96426391601562,29.81402587890625,155.2729949951172,86.26705169677734,230.07000732421875
2020-11-19,115.17686462402344,202.5404815673828,100.07231140136719,124.76924896240234,29.966262817382812,155.8509979248047,87.15567016601562,229.52999877929688
2020-11-20,113.91483306884766,200.60488891601562,99.21499633789062,124.1078109741211,29.59769058227539,154.97000122070312,86.0559310913086,227.00999450683594
2020-11-23,110.52669525146484,200.33795166015625,102.07270812988281,122.84415435791016,31.536684036254883,154.91949462890625,85.61880493164062,229.5399932861328
2020-11-24,111.80816650390625,203.91351318359375,106.79226684570312,122.84415435791016,33.63591766357422,155.9029998779297,87.41983032226562,233.9199981689453
2020-11-25,112.6430435180664,203.92303466796875,105.67515563964844,122.68186950683594,32.69846725463867,159.2534942626953,87.43121337890625,233.1300048828125
2020-11-27,113.18672943115234,205.2197723388672,104.97372436523438,122.95514678955078,32.20170211791992,159.76699829101562,88.56566619873047,231.5500030517578
2020-11-30,115.57491302490234,204.11375427246094,102.08135223388672,123.5357437133789,30.55116081237793,158.40199279785156,86.9489974975586,228.91000366210938
2020-12-01,119.13776397705078,206.1542205810547,103.69208526611328,125.90091705322266,30.84762191772461,161.00399780273438,88.97900390625,229.67999267578125
2020-12-02,119.4872817993164,205.353271484375,105.683837890625,126.4900894165039,32.00138854980469,160.17649841308594,90.44648742675781,230.4199981689453
2020-12-03,119.35137176513672,204.2758331298828,104.99103546142578,127.22443389892578,32.21773147583008,159.3365020751953,90.29136657714844,231.02000427246094
2020-12-04,118.6814956665039,204.39028930664062,105.9436264038086,128.30880737304688,33.39555358886719,158.12899780273438,90.38652801513672,231.35000610351562
2020-12-07,120.1377182006836,204.3235321044922,105.54527282714844,127.19879150390625,32.77058410644531,157.89999389648438,90.052978515625,229.24000549316406
2020-12-08,120.74932098388672,205.9635467529297,105.64920806884766,129.40174865722656,33.844242095947266,158.864501953125,89.77049255371094,228.19000244140625
2020-12-09,118.22521209716797,201.94932556152344,104.82653045654297,130.72520446777344,34.29294204711914,155.2100067138672,88.11168670654297,227.50999450683594
2020-12-10,119.642578125,200.7288360595703,104.15105438232422,129.9994354248047,35.262428283691406,155.07449340820312,87.6056900024414,227.35000610351562
2020-12-11,118.83684539794922,203.34140014648438,103.53621673583984,130.59710693359375,35.09417724609375,155.8209991455078,87.96002960205078,226.38999938964844
2020-12-14,118.22521209716797,204.23770141601562,102.44508361816406,127.2841796875,33.82822036743164,157.84849548339844,86.84294891357422,222.85000610351562
2020-12-15,124.14716339111328,204.17095947265625,104.1943359375,128.5649871826172,34.4852294921875,158.25599670410156,87.28006744384766,224.3800048828125
2020-12-16,124.07919311523438,209.0814666748047,104.4974365234375,127.7965316772461,35.0140495300293,162.04800415039062,87.08727264404297,221.91000366210938
2020-12-17,124.94322967529297,209.21487426757812,103.6314468383789,131.169189453125,34.8377799987793,161.8040008544922,86.26060485839844,224.67999267578125
2020-12-18,122.96278381347656,208.4235382080078,103.12056732177734,131.9291229248047,34.236846923828125,160.08250427246094,85.55238342285156,223.42999267578125
2020-12-21,124.48693084716797,212.23748779296875,106.991455078125,130.65689086914062,33.61188507080078,160.3090057373047,85.9657211303711,223.49000549316406
2020-12-22,128.0303955078125,213.5247344970703,105.36341857910156,130.4007568359375,33.04301452636719,160.3260040283203,85.2550277709961,221.8800048828125
2020-12-23,127.1373062133789,210.74049377441406,108.30774688720703,129.7347412109375,33.46766662597656,159.2635040283203,85.65200805664062,224.24000549316406
2020-12-24,128.1177520751953,212.39004516601562,107.83145141601562,130.18728637695312,33.33144760131836,158.63450622558594,85.94590759277344,226.52999877929688
2020-12-28,132.70001220703125,214.49720764160156,108.54156494140625,130.8020782470703,33.44363021850586,164.197998046875,87.91840362548828,228.41000366210938
2020-12-29,130.93310546875,213.7248992919922,108.25578308105469,131.61325073242188,33.067047119140625,166.10000610351562,87.11551666259766,229.57000732421875
2020-12-30,129.81668090820312,211.3698272705078,108.55888366699219,133.2440948486328,33.33144760131836,164.29249572753906,86.04947662353516,229.64999389648438
2020-12-31,128.8167724609375,212.0753936767578,110.03970336914062,134.37965393066406,33.02698516845703,162.84649658203125,86.86178588867188,231.8699951171875
2021-01-04,125.63247680664062,207.56539916992188,109.00052642822266,133.62831115722656,33.251319885253906,159.3314971923828,85.54794311523438,228.4499969482422
2021-01-05,127.18582916259766,207.76560974121094,109.5936279296875,135.19940185546875,34.85379409790039,160.92550659179688,86.2378158569336,227.47000122070312
2021-01-06,122.9045181274414,202.37841796875,114.73969268798828,136.4716339111328,35.74317169189453,156.91900634765625,85.38685607910156,230.27000427246094
2021-01-07,127.09841918945312,208.13746643066406,118.50765228271484,136.9327392578125,36.02360916137695,158.10800170898438,87.93724060058594,232.8800048828125
2021-01-08,128.19541931152344,209.4055633544922,118.63848114013672,136.65097045898438,36.42422866821289,159.13499450683594,89.1014175415039,234.02999877929688
2021-01-11,125.21505737304688,207.37466430664062,120.40908813476562,136.07882690429688,37.529937744140625,155.7104949951172,87.04267120361328,233.42999267578125
2021-01-12,125.040283203125,204.93377685546875,122.30178833007812,135.02012634277344,38.36322021484375,156.04150390625,86.10796356201172,233.02999877929688
2021-01-13,127.06926727294922,206.2781524658203,122.41519165039062,134.81521606445312,38.7958869934082,158.29449462890625,86.59464263916016,234.50999450683594
2021-01-14,125.14710235595703,203.11260986328125,123.13040924072266,137.1718292236328,40.31022644042969,156.37350463867188,85.78532409667969,235.02000427246094
2021-01-15,123.42874908447266,202.75978088378906,120.92369079589844,136.87298583984375,38.3712272644043,155.21249389648438,85.62176513671875,233.49000549316406
2021-01-19,124.09861755371094,206.37355041503906,120.40032196044922,138.99049377441406,39.132415771484375,156.03799438476562,88.43930053710938,234.5500030517578
2021-01-20,128.176025390625,213.9060821533203,118.59487915039062,138.6490020751953,39.68525695800781,163.16900634765625,93.1772689819336,234.75999450683594
2021-01-21,132.8748016357422,214.5067901611328,117.6005630493164,138.093994140625,38.54751205444336,165.34950256347656,93.37947845458984,234.16000366210938
2021-01-22,135.010498046875,215.44117736816406,116.6934585571289,139.64801025390625,38.00265884399414,164.6114959716797,93.79629516601562,232.9199981689453
2021-01-25,138.7481231689453,218.8546905517578,115.23684692382812,141.7228546142578,37.5780029296875,164.6999969482422,93.88153076171875,233.00999450683594
2021-01-26,138.98114013671875,221.52447509765625,114.76586151123047,145.56524658203125,36.75272750854492,166.30650329589844,94.55902862548828,231.57000732421875
2021-01-27,137.91322326660156,222.0679473876953,111.52123260498047,143.34518432617188,36.33608627319336,161.62899780273438,90.14764404296875,227.36000061035156
2021-01-28,133.08828735351562,227.81752014160156,113.48370361328125,144.4381103515625,36.90496826171875,161.88099670410156,91.84559631347656,230.9499969482422
2021-01-29,128.10804748535156,221.17169189453125,112.22771453857422,139.28936767578125,35.92745590209961,160.30999755859375,90.56493377685547,227.8699951171875
2021-02-01,130.2244110107422,228.50405883789062,113.05633544921875,138.9307861328125,35.991554260253906,167.1439971923828,93.82156372070312,229.32000732421875
2021-02-02,131.04957580566406,228.37054443359375,116.53646850585938,137.6841278076172,36.56043243408203,169.0,95.11261749267578,232.24000549316406
2021-02-03,130.03025817871094,231.6982421875,117.8709487915039,137.04371643066406,37.99464416503906,165.62649536132812,102.03919219970703,232.67999267578125
2021-02-04,133.37954711914062,230.75428771972656,120.58352661132812,138.3159942626953,38.723777770996094,166.5500030517578,101.77900695800781,235.77000427246094
2021-02-05,132.96633911132812,230.93545532226562,120.3479995727539,140.41647338867188,40.02178192138672,167.6074981689453,103.52352905273438,235.16000366210938
2021-02-08,133.1121826171875,231.19290161132812,122.23201751708984,140.81777954101562,41.74443435668945,166.14700317382812,103.30992126464844,237.4199981689453
2021-02-09,132.23715209960938,232.43243408203125,121.7435531616211,141.97047424316406,41.25553512573242,165.25,102.8574447631836,239.91000366210938
2021-02-10,131.63436889648438,231.526611328125,121.81334686279297,142.43157958984375,41.65481948852539,164.32899475097656,103.40707397460938,239.9199981689453
2021-02-11,131.38156127929688,233.11892700195312,121.47319793701172,141.79116821289062,40.61180877685547,163.10650634765625,103.51956939697266,239.75999450683594
2021-02-12,131.61488342285156,233.595703125,123.20014953613281,142.2351837158203,41.165897369384766,163.885498046875,103.83080291748047,242.4600067138672
2021-02-16,129.49534606933594,232.36566162109375,126.16568756103516,140.94586181640625,42.40446090698242,163.44749450683594,104.60741424560547,245.27999877929688
2021-02-17,127.21055603027344,233.37869262695312,126.55815887451172,141.4496612548828,43.064491271972656,165.4320068359375,104.99994659423828,245.25
2021-02-18,126.11192321777344,232.9868621826172,126.9855728149414,141.5179443359375,42.3881721496582,166.4114990234375,104.36506652832031,243.5
2021-02-19,126.2674789428711,230.29180908203125,129.10504150390625,139.16131591796875,42.67335891723633,162.4949951171875,103.52253723144531,241.85000610351562
2021-02-22,122.50482940673828,224.11807250976562,130.31744384765625,139.0753631591797,44.246002197265625,159.03700256347656,101.81022644042969,244.97000122070312
2021-02-23,122.36869812011719,222.9330596923828,131.3640594482422,137.84674072265625,44.85714340209961,159.72500610351562,102.10066223144531,245.52999877929688
2021-02-24,121.87286376953125,224.15634155273438,133.67543029785156,139.6939697265625,46.20163345336914,157.97650146484375,103.27474212646484,248.4499969482422
2021-02-25,117.63379669189453,218.84271240234375,131.8612518310547,139.8400421142578,45.4356803894043,152.85800170898438,99.91156005859375,243.69000244140625
2021-02-26,117.89632415771484,222.0824737548828,128.36366271972656,136.14556884765625,44.303043365478516,154.64649963378906,100.20693969726562,240.50999450683594
2021-03-01,124.24516296386719,226.44041442871094,131.26815795898438,136.88446044921875,45.95718002319336,157.3070068359375,102.57345581054688,249.2100067138672
2021-03-02,121.64923095703125,223.5063934326172,130.8407745361328,136.62672424316406,45.68827819824219,154.72650146484375,102.31674194335938,249.22000122070312
2021-03-03,118.67411804199219,217.47607421875,133.37020874023438,134.2210235595703,46.054962158203125,150.25,99.68655395507812,251.5500030517578
2021-03-04,116.79764556884766,216.68283081054688,131.32046508789062,131.5146026611328,47.83946990966797,148.8784942626953,100.80266571044922,245.47999572753906
2021-03-05,118.05187225341797,221.33705139160156,131.62576293945312,134.11790466308594,49.64842224121094,150.0229949951172,103.93192291259766,253.14999389648438
2021-03-08,113.13224792480469,217.31361389160156,133.37020874023438,135.23486328125,49.59953308105469,147.59750366210938,99.49278259277344,257.6099853515625
2021-03-09,117.73102569580078,223.42044067382812,132.4281768798828,135.4926300048828,48.83358383178711,153.1425018310547,101.12133026123047,259.0199890136719
2021-03-10,116.65180969238281,222.12071228027344,135.3064727783203,136.73838806152344,50.33289337158203,152.8820037841797,100.91466522216797,263.989990234375
2021-03-11,118.57689666748047,226.62197875976562,134.60000610351562,136.72979736328125,49.958065032958984,155.67950439453125,104.10388946533203,260.9100036621094
2021-03-12,117.67268371582031,225.30316162109375,136.1961212158203,137.1250457763672,50.4958610534668,154.47450256347656,101.59909057617188,260.0199890136719
2021-03-15,120.55057525634766,224.4048309326172,135.51580810546875,137.82958984375,49.20840835571289,154.08399963378906,101.81914520263672,254.61000061035156
2021-03-16,122.08676147460938,227.17623901367188,133.89349365234375,138.64576721191406,48.165409088134766,154.59300231933594,103.27870178222656,251.5
2021-03-17,121.29920196533203,226.5359649658203,135.27162170410156,138.1302947998047,48.37727355957031,156.7864990234375,103.1959457397461,252.0
2021-03-18,117.1865463256836,220.4960174560547,137.50445556640625,137.87254333496094,46.29126739501953,151.39950561523438,100.17870330810547,252.4600067138672
2021-03-19,116.66153717041016,220.1424560546875,135.3152313232422,137.5030517578125,46.030517578125,153.7480010986328,100.45723724365234,250.99000549316406
2021-03-22,119.96720123291016,225.53250122070312,131.67808532714844,137.8983154296875,45.557899475097656,155.5435028076172,100.64208984375,250.36000061035156
2021-03-23,119.14080810546875,227.0520782470703,130.36105346679688,137.76942443847656,44.99566650390625,156.875,101.1694107055664,248.30999755859375
2021-03-24,116.75875091552734,225.0260009765625,131.372802734375,139.10971069335938,45.908294677734375,154.35350036621094,100.73328399658203,249.6300048828125
2021-03-25,117.2448959350586,222.0442352294922,133.05616760253906,139.1613311767578,45.77791976928711,152.31300354003906,100.72980499267578,250.75
2021-03-26,117.8476791381836,226.00079345703125,135.27162170410156,141.70449829101562,47.02463150024414,152.60150146484375,100.34669494628906,256.7699890136719
2021-03-29,118.02268981933594,224.8157501220703,133.1695556640625,142.658203125,46.77202224731445,153.7864990234375,101.39044952392578,258.82000732421875
2021-03-30,116.57403564453125,221.5759735107422,134.7395477294922,141.773193359375,46.19348907470703,152.76449584960938,101.42415618896484,258.19000244140625
2021-03-31,118.76163482666016,225.32225036621094,132.77708435058594,141.20614624023438,45.49271011352539,154.70399475097656,102.21959686279297,255.47000122070312
2021-04-01,119.58805084228516,231.61070251464844,134.0679473876953,139.90025329589844,46.763885498046875,158.0500030517578,105.55303955078125,258.20001220703125
2021-04-05,122.4075927734375,238.03289794921875,134.77857971191406,140.4157257080078,46.03866195678711,161.3365020751953,109.97285461425781,262.6600036621094
2021-04-06,122.70897674560547,236.87649536132812,133.83108520507812,140.38136291503906,45.908294677734375,161.1909942626953,109.49209594726562,263.05999755859375
2021-04-07,124.35211181640625,238.82611083984375,135.9279327392578,140.5703582763672,46.11199951171875,163.96949768066406,110.96752166748047,263.6199951171875
2021-04-08,126.7438735961914,242.0276641845703,136.09461975097656,140.02047729492188,45.63124084472656,164.96499633789062,111.53251647949219,263.510009765625
2021-04-09,129.31060791015625,244.51248168945312,137.1123809814453,138.5426788330078,45.525306701660156,168.61000061035156,112.5356216430664,266.010009765625
2021-04-12,127.59945678710938,244.56976318359375,136.8228302001953,138.87777709960938,45.22382354736328,168.96949768066406,111.24459075927734,267.92999267578125
2021-04-13,130.70098876953125,247.03543090820312,135.19090270996094,137.02197265625,45.39493179321289,170.0,111.73074340820312,267.1000061035156
2021-04-14,128.36756896972656,244.26397705078125,132.66419982910156,137.3999786376953,46.70683288574219,166.64999389648438,111.1102523803711,267.5299987792969
2021-04-15,130.76905822753906,248.00067138671875,133.5064697265625,137.80377197265625,46.42978286743164,168.95449829101562,113.25819396972656,269.1400146484375
2021-04-16,130.4384307861328,249.18577575683594,134.49786376953125,139.39329528808594,46.169036865234375,169.9720001220703,113.13430786132812,272.1099853515625
2021-04-19,131.09959411621094,247.27435302734375,133.92755126953125,139.77993774414062,46.022361755371094,168.60049438476562,113.48174285888672,270.2799987792969
2021-04-20,129.41761779785156,246.81570434570312,130.962158203125,143.03616333007812,45.05270767211914,166.7344970703125,112.9489517211914,267.8900146484375
2021-04-21,129.79676818847656,249.03282165527344,132.07632446289062,143.13070678710938,45.63124084472656,168.1009979248047,112.91624450683594,272.2099914550781
2021-04-22,128.28004455566406,245.77395629882812,129.29515075683594,141.9192657470703,45.03640365600586,165.45199584960938,111.63610076904297,269.510009765625
2021-04-23,130.5940399169922,249.57760620117188,131.7692413330078,142.21139526367188,45.280860900878906,167.04400634765625,113.98575592041016,271.9800109863281
2021-04-26,130.98294067382812,249.9598388671875,132.09388732910156,141.008544921875,45.370487213134766,170.4499969482422,114.48136901855469,270.8599853515625
2021-04-27,130.662109375,250.36123657226562,132.69924926757812,140.20094299316406,45.96533203125,170.8715057373047,113.5422134399414,273.6499938964844
2021-04-28,129.87460327148438,243.27960205078125,133.55908203125,139.16990661621094,47.35055923461914,172.9250030517578,116.9153060913086,272.95001220703125
2021-04-29,129.77735900878906,241.32046508789062,136.1560516357422,141.0772705078125,48.02688217163086,173.5655059814453,118.58647155761719,277.6000061035156
2021-04-30,127.81340026855469,241.00506591796875,134.94528198242188,139.81423950195312,46.64165115356445,173.37100219726562,116.64071655273438,274.95001220703125
2021-05-03,128.86341857910156,240.69924926757812,134.5504608154297,141.9450225830078,47.92910385131836,169.32449340820312,116.12429809570312,279.17999267578125
2021-05-04,124.3034896850586,236.8096160888672,136.4104766845703,144.14453125,48.230587005615234,165.593505859375,114.32772827148438,280.260009765625
2021-05-05,124.54657745361328,235.54811096191406,138.2002716064453,143.54312133789062,49.68101501464844,163.52699279785156,114.72124481201172,282.760009765625
2021-05-06,126.14109802246094,238.66363525390625,140.9814453125,144.1187744140625,50.15362548828125,165.31849670410156,115.84031677246094,289.7099914550781
2021-05-07,126.8130874633789,241.2726593017578,141.46400451660156,144.77174377441406,50.870689392089844,164.58050537109375,116.56291198730469,290.92999267578125
2021-05-10,123.54073333740234,236.22665405273438,141.44647216796875,146.29251098632812,50.99291229248047,159.52450561523438,113.58036041259766,292.3299865722656
2021-05-11,122.62525939941406,235.31875610351562,139.09515380859375,145.09825134277344,49.371376037597656,161.19549560546875,112.50537872314453,285.6300048828125
2021-05-12,119.5671615600586,228.40914916992188,138.13882446289062,144.51400756835938,49.63592529296875,157.5970001220703,109.0455551147461,282.9100036621094
2021-05-13,121.70977020263672,232.26051330566406,141.69212341308594,146.02613830566406,49.02415466308594,158.07350158691406,110.47241973876953,286.8999938964844
2021-05-14,124.12507629394531,237.15365600585938,143.894287109375,146.24954223632812,50.23942565917969,161.14500427246094,112.91773986816406,290.67999267578125
2021-05-17,122.97587585449219,234.31524658203125,144.4733428955078,146.3955841064453,51.413360595703125,163.51950073242188,113.44011688232422,289.2200012207031
2021-05-18,121.59291076660156,232.30831909179688,142.4378662109375,146.44715881347656,49.95833206176758,161.61399841308594,112.12921905517578,287.5899963378906
2021-05-19,121.43708038330078,232.88307189941406,141.3499298095703,146.12924194335938,48.75960159301758,161.58999633789062,112.57675170898438,286.2200012207031
2021-05-20,123.98873901367188,236.1015625,141.10430908203125,146.97982788085938,48.643863677978516,162.38400268554688,114.33367919921875,286.7300109863281
2021-05-21,122.15778350830078,234.8467559814453,142.70982360839844,146.8853302001953,48.71000289916992,160.1540069580078,113.69831085205078,287.739990234375
2021-05-24,123.78418731689453,240.22052001953125,143.48193359375,147.44729614257812,49.28043746948242,162.24949645996094,117.01441192626953,289.7300109863281
2021-05-25,123.58944702148438,241.1209716796875,141.9992218017578,147.0409698486328,48.16436767578125,162.95249938964844,117.1051025390625,287.20001220703125
2021-05-26,123.54073333740234,240.900634765625,141.981689453125,146.16775512695312,48.72653579711914,163.25799560546875,117.96944427490234,287.3299865722656
2021-05-27,122.01168060302734,238.81243896484375,144.19259643554688,145.9429473876953,48.41238021850586,161.5054931640625,117.09568786621094,289.29998779296875
2021-05-28,121.35916900634766,239.16685485839844,144.09605407714844,146.3233642578125,48.25531005859375,161.15350341796875,116.80675506591797,289.44000244140625
2021-06-01,121.03778076171875,236.9828338623047,145.68409729003906,143.1072998046875,49.9831428527832,160.9324951171875,118.0125503540039,289.8399963378906
2021-06-02,121.79741668701172,236.88706970214844,145.69284057617188,143.68655395507812,50.379966735839844,161.69949340820312,117.48771667480469,290.0199890136719
2021-06-03,120.31708526611328,235.36404418945312,145.7893829345703,143.5482177734375,50.57838439941406,159.35049438476562,116.3473129272461,291.9700012207031
2021-06-04,122.60578155517578,240.23008728027344,146.02622985839844,143.4877166748047,50.80158996582031,160.31100463867188,118.62661743164062,292.5199890136719
2021-06-07,122.61551666259766,243.1229248046875,145.3419189453125,142.5107421875,50.47090530395508,159.90049743652344,119.05927276611328,289.4599914550781
2021-06-08,123.43359375,241.93516540527344,144.76283264160156,141.25717163085938,51.3637580871582,163.20550537109375,118.86795806884766,289.19000244140625
2021-06-09,123.81342315673828,242.9122314453125,142.95550537109375,143.1591339111328,51.79365539550781,164.0574951171875,119.33879852294922,288.5799865722656
2021-06-10,122.82003784179688,246.4084930419922,140.72702026367188,144.44728088378906,51.876319885253906,167.4824981689453,120.68634796142578,284.9100036621094
2021-06-11,124.0277099609375,247.0312042236328,140.63052368164062,142.61447143554688,51.396820068359375,167.3415069580078,120.44200897216797,286.82000732421875
2021-06-14,127.07604217529297,248.94691467285156,138.24417114257812,142.96893310546875,51.314151763916016,169.19349670410156,121.36929321289062,283.5299987792969
2021-06-15,126.25792694091797,247.4813995361328,136.14723205566406,142.20814514160156,53.18252944946289,169.156494140625,120.35231018066406,283.94000244140625
2021-06-16,126.75464630126953,246.5426483154297,137.10357666015625,142.15626525878906,52.99237823486328,170.7624969482422,119.71099853515625,283.1099853515625
2021-06-17,128.35183715820312,249.91436767578125,133.14674377441406,142.8392791748047,51.24801254272461,174.46200561523438,120.67346954345703,278.69000244140625
2021-06-18,127.0565414428711,248.5063018798828,129.7777099609375,140.03817749023438,49.93354415893555,174.34500122070312,119.05530548095703,274.0400085449219
2021-06-21,128.84857177734375,251.57162475585938,131.97984313964844,141.64620971679688,51.744041442871094,172.697998046875,120.74185180664062,277.1000061035156
2021-06-22,130.4846954345703,254.33030700683594,131.78683471679688,141.45599365234375,52.73611068725586,175.27200317382812,121.25530242919922,276.9200134277344
2021-06-23,130.21202087402344,254.1003875732422,132.58518981933594,140.60015869140625,53.12466049194336,175.1909942626953,121.0535888671875,274.6600036621094
2021-06-24,129.9296112060547,255.46066284179688,133.8047637939453,141.2398681640625,53.339599609375,172.45399475097656,121.42330169677734,275.489990234375
2021-06-25,129.63742065429688,253.86093139648438,135.1558380126953,141.9661102294922,53.455345153808594,170.072998046875,121.43173217773438,278.3800048828125
2021-06-28,131.26385498046875,257.4051513671875,135.40151977539062,141.80181884765625,52.09126663208008,172.1945037841797,121.45899963378906,276.6099853515625
2021-06-29,132.77345275878906,259.9721984863281,135.23483276367188,141.81045532226562,51.76884841918945,172.40699768066406,121.19782257080078,276.2099914550781
2021-06-30,133.38702392578125,259.4933776855469,136.4630889892578,142.42428588867188,52.149139404296875,172.00799560546875,121.01641845703125,277.9200134277344
2021-07-01,133.6889190673828,260.16387939453125,137.814208984375,143.47906494140625,52.29793930053711,171.64849853515625,121.36830139160156,280.1700134277344
2021-07-02,136.30874633789062,265.95916748046875,137.68185424804688,146.08995056152344,52.223541259765625,175.5489959716797,124.15657806396484,279.1199951171875
2021-07-06,138.31495666503906,265.96868896484375,135.36993408203125,145.2167510986328,50.735450744628906,183.78700256347656,125.08088684082031,277.32000732421875
2021-07-07,140.7984619140625,268.1431579589844,135.52877807617188,146.46173095703125,49.941802978515625,184.82899475097656,125.36237335205078,279.239990234375
2021-07-08,139.50314331054688,265.73876953125,133.1903839111328,146.17636108398438,49.71859359741211,186.57049560546875,123.9449691772461,274.1000061035156
2021-07-09,141.3243408203125,266.23687744140625,137.4524383544922,146.75563049316406,50.619712829589844,185.9669952392578,124.415283203125,280.489990234375
2021-07-12,140.73025512695312,265.64300537109375,139.42019653320312,146.522216796875,50.570106506347656,185.92750549316406,125.8594741821289,280.1099853515625
2021-07-13,141.8405303955078,269.14892578125,137.34654235839844,146.34066772460938,50.33036422729492,183.8679962158203,126.2222671508789,279.2099914550781
2021-07-14,145.25894165039062,270.61444091796875,136.8788604736328,147.3348846435547,49.21429443359375,184.08399963378906,127.1098861694336,278.30999755859375
2021-07-15,144.6064453125,269.19677734375,137.17893981933594,145.56259155273438,48.73481369018555,181.55999755859375,125.88871765136719,279.7200012207031
2021-07-16,142.5709991455078,268.9285583496094,134.04638671875,145.3291473388672,47.38726043701172,178.68150329589844,125.85401916503906,277.8999938964844
2021-07-19,138.73377990722656,265.3460998535156,129.6873016357422,144.27444458007812,45.75863265991211,177.47950744628906,123.48303985595703,272.6600036621094
2021-07-20,142.33721923828125,267.558837890625,132.10504150390625,145.63172912597656,46.26293182373047,178.6595001220703,125.10021209716797,276.8900146484375
2021-07-21,141.60679626464844,269.55126953125,134.8846435546875,146.53086853027344,47.751014709472656,179.25999450683594,126.42794036865234,279.8800048828125
2021-07-22,142.97030639648438,274.09161376953125,133.1815948486328,146.95445251464844,47.213653564453125,181.90150451660156,127.29277801513672,277.70001220703125
2021-07-23,144.6844024658203,277.4729919433594,132.9257049560547,148.51931762695312,47.15578079223633,182.83200073242188,131.84588623046875,278.489990234375
2021-07-26,145.1031494140625,276.87908935546875,133.81695556640625,148.58847045898438,48.34625244140625,184.99099731445312,132.85693359375,278.79998779296875
2021-07-27,142.94105529785156,274.4748840332031,133.64044189453125,149.27145385742188,47.80888366699219,181.3195037841797,130.74069213867188,280.7799987792969
2021-07-28,141.19778442382812,274.1682434082031,133.8610382080078,148.8564910888672,48.13130187988281,181.51600646972656,134.89781188964844,278.1000061035156
2021-07-29,141.8405303955078,274.4364929199219,135.00816345214844,148.8564910888672,48.71826171875,179.99600219726562,134.58412170410156,279.760009765625
2021-07-30,142.0548095703125,272.91351318359375,133.93167114257812,148.873779296875,47.593929290771484,166.37950134277344,133.54234313964844,278.2900085449219
2021-08-02,141.7236785888672,272.82720947265625,133.3933868408203,148.9342803955078,47.602210998535156,166.57400512695312,133.66925048828125,278.1400146484375
2021-08-03,143.51565551757812,275.0303955078125,134.91107177734375,150.76708984375,48.114768981933594,168.31199645996094,134.4379119873047,281.79998779296875
2021-08-04,143.11634826660156,274.4460754394531,133.4551544189453,149.87661743164062,46.99043655395508,167.73599243164062,133.93785095214844,278.7799987792969
2021-08-05,143.22348022460938,277.3292541503906,135.14053344726562,150.1619415283203,47.28805160522461,168.79949951171875,135.05392456054688,280.2099914550781
2021-08-06,142.5407257080078,277.2718200683594,138.97898864746094,149.66049194335938,47.83367919921875,167.2469940185547,134.54547119140625,285.6300048828125
2021-08-09,142.491943359375,276.18939208984375,138.82899475097656,150.17921447753906,47.28805160522461,167.093505859375,135.70960998535156,287.2300109863281
2021-08-10,142.01402282714844,274.3789978027344,140.5320281982422,150.23110961914062,48.09824752807617,166.03399658203125,135.60458374023438,288.94000244140625
2021-08-11,142.26763916015625,274.8675842285156,142.20860290527344,150.2570343017578,48.23878479003906,164.60549926757812,135.0812225341797,291.2799987792969
2021-08-12,145.22300720214844,277.60711669921875,142.76451110839844,151.46737670898438,48.129676818847656,165.1750030517578,135.9881591796875,290.239990234375
2021-08-13,145.42784118652344,280.51904296875,141.16737365722656,152.3751220703125,47.64292526245117,164.69850158691406,136.51699829101562,287.8900146484375
2021-08-16,147.39810180664062,282.1954040527344,140.24085998535156,153.74978637695312,46.94636535644531,164.94949340820312,137.0938720703125,289.45001220703125
2021-08-17,146.49098205566406,280.7393798828125,138.546630859375,155.15895080566406,46.62745666503906,162.09800720214844,135.46034240722656,289.1000061035156
2021-08-18,142.75535583496094,279.02154541015625,137.2847900390625,153.18783569335938,45.64556121826172,160.06100463867188,134.2584686279297,286.3599853515625
2021-08-19,143.0869598388672,284.8182067871094,136.13768005371094,154.3809051513672,44.2524528503418,159.3874969482422,134.4874725341797,285.1300048828125
2021-08-20,144.54022216796875,292.10260009765625,136.5259246826172,155.133056640625,44.260841369628906,159.99749755859375,136.22157287597656,285.2699890136719
2021-08-23,146.02284240722656,292.3809509277344,138.27308654785156,154.46339416503906,46.08195877075195,163.2935028076172,138.81063842773438,285.6199951171875
2021-08-24,145.93502807617188,290.4326171875,139.12901306152344,152.53269958496094,46.459617614746094,165.28900146484375,140.01988220214844,286.0199890136719
2021-08-25,144.70603942871094,289.8472595214844,141.99684143066406,151.5238800048828,46.54353332519531,164.95899963378906,140.83023071289062,287.29998779296875
2021-08-26,143.90625,287.0448303222656,142.7292022705078,150.71505737304688,45.914119720458984,165.8000030517578,140.1973419189453,285.2699890136719
2021-08-27,144.94015502929688,287.6494445800781,143.87635803222656,150.3932647705078,46.80369567871094,167.48150634765625,142.73829650878906,286.6000061035156
2021-08-30,149.34878540039062,291.3636169433594,141.57330322265625,151.0281219482422,46.291770935058594,171.07850646972656,143.3196563720703,285.6600036621094
2021-08-31,148.09063720703125,289.7225646972656,141.14089965820312,150.5672149658203,45.754661560058594,173.5395050048828,143.42568969726562,285.7699890136719
2021-09-01,148.75384521484375,289.6744384765625,140.93797302246094,151.09774780273438,45.1252555847168,173.9499969482422,143.9391632080078,285.260009765625
2021-09-02,149.8657684326172,289.0218505859375,141.59091186523438,152.1326141357422,46.22462844848633,173.156005859375,142.0276336669922,285.04998779296875
2021-09-03,150.49977111816406,289.0122985839844,140.73501586914062,152.22830200195312,46.048397064208984,173.90249633789062,142.4761199951172,281.8900146484375
2021-09-07,152.8308868408203,288.0909118652344,140.4879150390625,149.86279296875,45.779842376708984,175.46449279785156,143.01239013671875,278.8999938964844
2021-09-08,151.28982543945312,288.1196594238281,139.8614044189453,149.4975128173828,45.3602294921875,176.27499389648438,142.42803955078125,279.3399963378906
2021-09-09,150.27542114257812,285.2789611816406,140.4702606201172,146.1666717529297,45.393802642822266,174.20799255371094,142.2793731689453,278.6099853515625
2021-09-10,145.30101013183594,283.8009338378906,138.85546875,145.20999145507812,45.30147933959961,173.45750427246094,139.6378173828125,277.6000061035156
2021-09-13,145.8667755126953,285.0293884277344,141.0615234375,144.19247436523438,46.468013763427734,172.85850524902344,141.08151245117188,279.9200134277344
2021-09-14,144.4719696044922,287.7166748046875,138.5995635986328,143.32278442382812,45.805023193359375,172.5,141.2916259765625,277.20001220703125
2021-09-15,145.3595428466797,292.5440673828125,139.56141662597656,143.8620147705078,47.34919357299805,173.7895050048828,143.16004943847656,278.17999267578125
2021-09-16,145.12547302246094,292.927978515625,139.4996337890625,143.6880645751953,46.84565734863281,174.41200256347656,142.34776306152344,277.510009765625
2021-09-17,142.4626922607422,287.79345703125,139.13784790039062,143.2793426513672,46.291770935058594,173.12600708007812,139.56246948242188,276.760009765625
2021-09-20,139.41952514648438,282.44769287109375,134.97288513183594,142.46182250976562,45.05810546875,167.7864990234375,137.50025939941406,274.20001220703125
2021-09-21,139.89749145507812,282.9275817871094,134.9905242919922,143.0880126953125,45.016151428222656,167.18150329589844,137.81103515625,273.17999267578125
2021-09-22,142.25790405273438,286.55535888671875,137.5759735107422,142.56617736816406,46.333736419677734,169.00250244140625,139.05047607421875,274.07000732421875
2021-09-23,143.21372985839844,287.4959411621094,142.22625732421875,143.37498474121094,47.9030876159668,170.8000030517578,139.97482299804688,278.1199951171875
2021-09-24,143.30152893066406,287.2943420410156,143.8675537109375,142.94017028808594,48.33109664916992,171.2760009765625,140.96502685546875,277.8699951171875
2021-09-27,141.7896728515625,282.3229675292969,147.34420776367188,141.90518188476562,49.766170501708984,170.2899932861328,139.83206176757812,279.7200012207031
2021-09-28,138.41490173339844,272.1019287109375,146.550048828125,141.5921173095703,50.286502838134766,165.79800415039062,134.6361846923828,276.7900085449219
2021-09-29,139.3122100830078,272.56256103515625,146.435302734375,142.6444549560547,50.252925872802734,165.05599975585938,133.17262268066406,277.2900085449219
2021-09-30,138.01499938964844,270.5663757324219,144.4410858154297,140.45286560058594,49.36334228515625,164.2519989013672,132.5010986328125,272.94000244140625
2021-10-01,139.13670349121094,277.4572448730469,147.4765625,139.5570831298828,51.13411331176758,164.16299438476562,135.34288024902344,275.7099914550781
2021-10-04,135.713134765625,271.70843505859375,147.31776428222656,138.47000122070312,51.79710006713867,159.48899841308594,132.48472595214844,273.6400146484375
2021-10-05,137.63461303710938,277.1308288574219,149.72349548339844,138.7831268310547,51.71317672729492,161.0500030517578,134.8274383544922,278.04998779296875
2021-10-06,138.50271606445312,281.3056640625,150.04306030273438,139.07008361816406,50.76485824584961,163.10049438476562,136.35589599609375,280.2200012207031
2021-10-07,139.76092529296875,282.9756774902344,150.99290466308594,140.31373596191406,50.90752410888672,165.1215057373047,138.0012969970703,282.95001220703125
2021-10-08,139.38050842285156,282.9756774902344,151.1083221435547,139.95712280273438,52.183135986328125,164.43099975585938,138.556884765625,284.1400146484375
2021-10-11,139.2927703857422,282.38055419921875,147.93026733398438,139.3657684326172,51.6628303527832,162.31500244140625,137.69305419921875,280.92999267578125
2021-10-12,138.0247344970703,281.0849304199219,146.79400634765625,137.139404296875,51.3942756652832,162.3665008544922,135.24969482421875,278.6199951171875
2021-10-13,137.4395294189453,284.37677001953125,142.9235076904297,138.45262145996094,51.25159454345703,164.21400451660156,136.37274169921875,277.8999938964844
2021-10-14,140.2193603515625,290.5574645996094,145.1161651611328,139.24403381347656,52.032081604003906,164.9929962158203,139.910400390625,281.6400146484375
2021-10-15,141.2727508544922,291.9585876464844,147.9036865234375,140.27894592285156,52.52722930908203,170.4510040283203,140.12548828125,284.2099914550781
2021-10-18,142.94064331054688,294.91461181640625,147.85037231445312,139.25270080566406,52.50204849243164,172.33700561523438,141.52308654785156,282.5899963378906
2021-10-19,145.09620666503906,295.81671142578125,149.6436004638672,142.51397705078125,53.290924072265625,172.20750427246094,141.97805786132812,284.8299865722656
2021-10-20,145.58389282226562,295.02978515625,151.6587371826172,142.43577575683594,53.584651947021484,170.7530059814453,140.52296447753906,287.489990234375
2021-10-21,145.79849243164062,298.2448425292969,150.46917724609375,142.10525512695312,52.611148834228516,171.75050354003906,140.63894653320312,286.82000732421875
2021-10-22,145.0279083251953,296.7093200683594,152.4931640625,142.38357543945312,52.972015380859375,166.77749633789062,136.3573760986328,289.239990234375
2021-10-25,144.9792022705078,295.7207336425781,151.74746704101562,142.6966094970703,54.004268646240234,166.01849365234375,136.2389678955078,290.260009765625
2021-10-26,145.6424102783203,297.6210632324219,152.15585327148438,144.1489715576172,55.25471496582031,168.80349731445312,138.0840606689453,290.8500061035156
2021-10-27,145.18397521972656,310.15509033203125,148.98666381835938,142.40097045898438,53.81963348388672,169.62449645996094,144.93235778808594,287.7799987792969
2021-10-28,148.81234741210938,311.28753662109375,151.2326202392578,141.62696838378906,53.970699310302734,172.32850646972656,144.56707763671875,289.7200012207031
2021-10-29,146.11061096191406,318.2647399902344,150.81536865234375,141.6530303955078,54.104976654052734,168.6215057373047,146.7447967529297,287.010009765625
2021-11-01,145.2913055419922,316.1053771972656,150.73548889160156,141.77476501464844,55.07848358154297,165.90550231933594,142.23577880859375,286.239990234375
2021-11-02,146.3251953125,319.71392822265625,151.3302459716797,144.00987243652344,54.39870834350586,165.6374969482422,144.15423583984375,287.92999267578125
2021-11-03,147.75897216796875,320.5489196777344,151.38352966308594,143.54893493652344,53.651790618896484,169.1999969482422,145.30950927734375,288.7200012207031
2021-11-04,147.2419891357422,322.8906555175781,149.39501953125,143.14891052246094,54.054622650146484,173.85000610351562,146.96437072753906,287.69000244140625
2021-11-05,147.76947021484375,322.5260009765625,149.1819610595703,142.13133239746094,54.56655502319336,175.94949340820312,147.54371643066406,287.8800048828125
2021-11-08,146.94895935058594,323.4184265136719,150.07859802246094,141.64431762695312,55.15400695800781,174.44900512695312,147.7211456298828,288.79998779296875
2021-11-09,147.31039428710938,322.42034912109375,148.94224548339844,141.33120727539062,55.69111251831055,178.81149291992188,147.609619140625,286.3500061035156
2021-11-10,144.48744201660156,317.4778137207031,148.8002166748047,142.8618621826172,54.59396743774414,174.1024932861328,144.6112060546875,285.32000732421875
2021-11-11,144.4385986328125,319.04205322265625,148.7913818359375,141.80960083007812,54.69601821899414,173.625,144.48532104492188,284.6499938964844
2021-11-12,146.5094451904297,323.1593933105469,148.12557983398438,143.5054168701172,54.27926254272461,176.25750732421875,147.3712158203125,285.989990234375
2021-11-15,146.5192108154297,322.5355529785156,147.8592529296875,142.20962524414062,54.74705505371094,177.28399658203125,147.147216796875,284.6700134277344
2021-11-16,147.49598693847656,325.83709716796875,146.79400634765625,141.4703826904297,55.29988479614258,177.03500366210938,146.57627868652344,283.3599853515625
2021-11-17,149.92820739746094,326.0581359863281,146.00393676757812,142.00091552734375,54.69601821899414,177.4499969482422,146.7457733154297,281.5899963378906
2021-11-18,154.20654296875,328.1253662109375,144.7433319091797,141.235595703125,54.100669860839844,184.80299377441406,148.5215301513672,280.6300048828125
2021-11-19,156.82440185546875,329.8944396972656,142.85252380371094,141.66172790527344,51.60018539428711,183.82850646972656,147.61752319335938,279.989990234375
2021-11-22,157.28346252441406,326.7407531738281,145.8973846435547,139.7971649169922,52.31460952758789,178.6284942626953,145.01609802246094,284.9700012207031
2021-11-23,157.66441345214844,324.6736145019531,149.38612365722656,140.663818359375,53.69242858886719,179.0019989013672,144.50067138671875,288.55999755859375
2021-11-24,158.18214416503906,324.8948059082031,148.21434020996094,140.26986694335938,53.9901008605957,179.02049255371094,144.83572387695312,287.2799987792969
2021-11-26,153.17115783691406,316.98175048828125,143.74908447265625,139.3594970703125,52.093475341796875,175.22799682617188,140.93331909179688,283.0899963378906
2021-11-29,156.5216064453125,323.6640625,143.127685546875,139.8409423828125,52.38264465332031,178.07850646972656,144.25140380859375,282.1199951171875
2021-11-30,161.46414184570312,317.8566589355469,140.99716186523438,136.4969940185547,50.894264221191406,175.35350036621094,140.6503143310547,276.69000244140625
2021-12-01,160.94650268554688,317.3663330078125,140.1626739501953,138.37908935546875,50.851741790771484,172.18600463867188,139.811767578125,275.0
2021-12-02,159.9598846435547,316.79901123046875,143.1099395751953,137.51248168945312,52.11899185180664,171.8679962158203,141.7094268798828,279.0899963378906
2021-12-03,158.08445739746094,310.5686950683594,140.5177764892578,139.51707458496094,51.787296295166016,169.489501953125,140.75340270996094,277.42999267578125
2021-12-06,161.4836883544922,313.62615966796875,142.17782592773438,142.63339233398438,52.3741455078125,171.36849975585938,141.89675903320312,281.3800048828125
2021-12-07,167.2076873779297,322.0198974609375,144.31727600097656,143.00103759765625,52.96099853515625,176.1645050048828,145.97511291503906,284.9700012207031
2021-12-08,171.0172119140625,322.0680236816406,142.6660919189453,143.85891723632812,53.11409378051758,176.1580047607422,146.88404846191406,283.7200012207031
2021-12-09,170.50927734375,320.2699890136719,142.44415283203125,145.22451782226562,53.25016403198242,174.17100524902344,146.3408660888672,284.5199890136719
2021-12-10,175.28579711914062,329.346435546875,141.87600708007812,144.86557006835938,53.590370178222656,172.21200561523438,146.70065307617188,288.2300109863281
2021-12-13,171.6619110107422,326.3273620605469,140.18931579589844,147.4567108154297,52.41666793823242,169.5675048828125,144.5447998046875,290.010009765625
2021-12-14,170.28460693359375,315.6933288574219,141.26345825195312,149.06739807128906,52.34012985229492,169.0915069580078,142.6421661376953,295.0299987792969
2021-12-15,175.13926696777344,321.7603454589844,140.20706176757812,149.81143188476562,52.11049270629883,173.31500244140625,145.15390014648438,294.5799865722656
2021-12-16,168.2626190185547,312.3858642578125,142.3997344970703,151.44842529296875,52.19554138183594,168.87100219726562,143.17543029785156,300.1700134277344
2021-12-17,167.16864013671875,311.3282165527344,139.15953063964844,147.26412963867188,51.05586242675781,170.0175018310547,140.47935485839844,293.6600036621094
2021-12-20,165.81089782714844,307.58807373046875,136.6561737060547,146.84397888183594,50.31591033935547,167.07899475097656,140.3623809814453,289.6099853515625
2021-12-21,168.9757080078125,314.68377685546875,138.56475830078125,146.37124633789062,51.45560073852539,170.41700744628906,142.21148681640625,293.239990234375
2021-12-22,171.564208984375,320.3661804199219,139.10630798339844,147.00149536132812,51.87234115600586,171.03700256347656,145.1281280517578,294.4100036621094
2021-12-23,172.18934631347656,321.7987365722656,139.60342407226562,147.2816162109375,51.897865295410156,171.06849670410156,145.62521362304688,294.489990234375
2021-12-27,176.14540100097656,329.2599182128906,140.40240478515625,148.524658203125,52.637794494628906,169.66949462890625,146.6065216064453,296.6700134277344
2021-12-28,175.12948608398438,328.1060791015625,140.82850646972656,149.1199188232422,52.46771240234375,170.66099548339844,145.397705078125,298.2900085449219
2021-12-29,175.21742248535156,328.77923583984375,140.75743103027344,150.1703643798828,52.0084228515625,169.2010040283203,145.3660430908203,299.4599914550781
2021-12-30,174.0647735595703,326.25042724609375,140.68650817871094,150.8356475830078,51.70225143432617,168.64450073242188,144.91551208496094,299.9800109863281
2021-12-31,173.4494171142578,323.3659973144531,140.57106018066406,149.7501678466797,52.04244613647461,166.7169952392578,143.57887268066406,299.0
2022-01-03,177.78634643554688,321.8564758300781,143.54489135742188,150.1615753173828,54.041133880615234,170.4044952392578,143.71713256835938,300.7900085449219
2022-01-04,175.53001403808594,316.3376159667969,148.98666381835938,149.7589111328125,56.0738410949707,167.52200317382812,143.13034057617188,308.5299987792969
2022-01-05,170.86094665527344,304.19403076171875,146.26287841796875,150.75685119628906,56.77126693725586,164.35699462890625,136.56407165527344,309.9200134277344
2022-01-06,168.00869750976562,301.7903137207031,147.81678771972656,150.24041748046875,58.1065559387207,163.25399780273438,136.53680419921875,313.2200012207031
2022-01-07,168.17474365234375,301.944091796875,149.28135681152344,152.271240234375,58.58283996582031,162.5540008544922,135.8126983642578,319.7799987792969
2022-01-10,168.1942901611328,302.16522216796875,149.42428588867188,151.51841735839844,58.234127044677734,161.48599243164062,137.45068359375,318.92999267578125
2022-01-11,171.0172119140625,302.8479919433594,149.5760498046875,149.9077606201172,60.683589935302734,165.36199951171875,138.50779724121094,319.79998779296875
2022-01-12,171.456787109375,306.01123046875,150.42445373535156,148.62969970703125,60.50498962402344,165.20700073242188,140.18740844726562,320.3900146484375
2022-01-13,168.1942901611328,293.05999755859375,150.2369384765625,147.72804260253906,60.07121658325195,161.21400451660156,137.36892700195312,321.260009765625
2022-01-14,169.05384826660156,298.2520751953125,141.00283813476562,146.92271423339844,61.12584686279297,162.13800048828125,138.25454711914062,324.1300048828125
2022-01-18,165.85972595214844,290.9928894042969,135.09092712402344,146.27496337890625,62.15495681762695,158.91749572753906,134.80267333984375,320.2900085449219
2022-01-19,162.37261962890625,291.64666748046875,133.00120544433594,145.81976318359375,62.180477142333984,156.2989959716797,133.9289093017578,314.75
2022-01-20,160.69247436523438,289.9832763671875,131.86697387695312,144.65548706054688,62.31656265258789,151.66749572753906,132.13583374023438,311.010009765625
2022-01-21,158.64120483398438,284.6278381347656,129.56295776367188,144.32286071777344,61.380985260009766,142.64300537109375,129.20579528808594,305.2200012207031
2022-01-24,157.86953735351562,284.9547424316406,129.44688415527344,142.65965270996094,61.9083137512207,144.54400634765625,129.65432739257812,303.7300109863281
2022-01-25,156.07225036621094,277.3782653808594,130.8578643798828,146.73886108398438,63.72840118408203,139.98599243164062,125.8193359375,307.19000244140625
2022-01-26,155.9843292236328,285.2816162109375,132.09918212890625,147.39544677734375,63.08201599121094,138.87249755859375,128.09713745117188,309.260009765625
2022-01-27,155.52528381347656,288.2911071777344,129.76832580566406,149.32998657226562,63.889984130859375,139.6374969482422,127.87113952636719,307.6700134277344
2022-01-28,166.37745666503906,296.3867492675781,130.92929077148438,150.38046264648438,64.02606201171875,143.97799682617188,132.17893981933594,312.8999938964844
2022-01-31,170.72418212890625,299.00201416015625,132.70643615722656,150.8181610107422,64.60441589355469,149.57350158691406,134.11427307128906,313.0199890136719
2022-02-01,170.55812072753906,296.8675231933594,134.9837188720703,149.58384704589844,68.74639129638672,151.19349670410156,136.4342041015625,313.9599914550781
2022-02-02,171.7595672607422,301.386474609375,133.90313720703125,151.23831176757812,68.5677719116211,150.6125030517578,146.69918823242188,319.6000061035156
2022-02-03,168.8877716064453,289.6468200683594,132.79579162597656,151.22955322265625,67.768310546875,138.8455047607422,141.83233642578125,315.2300109863281
2022-02-04,168.60414123535156,294.1561279296875,136.2428741455078,150.24041748046875,69.23968505859375,157.63949584960938,142.03355407714844,314.989990234375
2022-02-07,167.89024353027344,289.35833740234375,136.69834899902344,149.74142456054688,70.07317352294922,157.9355010986328,137.9775390625,316.510009765625
2022-02-08,170.99057006835938,292.82928466796875,139.27035522460938,150.13536071777344,68.26158905029297,161.4134979248047,138.17376708984375,321.44000244140625
2022-02-09,172.4087677001953,299.22314453125,139.850830078125,150.11782836914062,67.93482208251953,161.1894989013672,140.3474884033203,322.3800048828125
2022-02-10,168.34010314941406,290.7333068847656,139.27035522460938,148.30581665039062,67.28125762939453,159.0034942626953,137.40162658691406,319.8500061035156
2022-02-11,164.93653869628906,283.6759948730469,137.4574432373047,146.8089141845703,68.97534942626953,153.2935028076172,133.1022491455078,319.1400146484375
2022-02-14,165.17124938964844,283.6375427246094,136.18040466308594,144.96188354492188,67.91764068603516,155.16700744628906,134.33485412597656,314.2799987792969
2022-02-15,168.99539184570312,288.8968200683594,138.17190551757812,146.45877075195312,67.0662841796875,156.510498046875,135.40780639648438,316.20001220703125
2022-02-16,168.7606658935547,288.5596923828125,138.4219207763672,146.37124633789062,67.37584686279297,158.10049438476562,136.52737426757812,315.6499938964844
2022-02-17,165.17124938964844,280.11004638671875,135.23374938964844,145.47837829589844,67.27266693115234,154.65249633789062,131.37408447265625,313.54998779296875
2022-02-18,163.62596130371094,277.4122619628906,135.86781311035156,143.9189910888672,66.52452850341797,152.60150146484375,129.2568359375,314.79998779296875
2022-02-22,160.71141052246094,277.2099304199219,135.62672424316406,141.96319580078125,65.7505874633789,150.19749450683594,128.67254638671875,314.1600036621094
2022-02-23,156.55470275878906,270.0321044921875,132.78683471679688,142.03367614746094,66.01717376708984,144.82699584960938,126.46659088134766,309.989990234375
2022-02-24,159.1660919189453,283.8289489746094,129.08963012695312,139.32020568847656,65.18302154541016,151.35800170898438,131.52471923828125,308.2799987792969
2022-02-25,161.2297821044922,286.4496154785156,132.14385986328125,146.2447967529297,66.9372787475586,153.7884979248047,133.27769470214844,319.239990234375
2022-02-28,161.49383544921875,287.8755798339844,126.63375854492188,144.98497009277344,67.4360580444336,153.56300354003906,133.86996459960938,321.45001220703125
2022-03-01,159.61599731445312,284.1758728027344,121.8559799194336,144.4828338623047,68.08099365234375,151.14199829101562,132.8831787109375,316.8399963378906
2022-03-02,162.9022216796875,289.22442626953125,124.38326263427734,146.28005981445312,69.25050354003906,152.05250549316406,133.38873291015625,323.6400146484375
2022-03-03,162.57948303222656,285.11041259765625,123.4991455078125,148.42965698242188,69.68907928466797,147.89849853515625,132.7226104736328,327.739990234375
2022-03-04,159.58663940429688,279.271728515625,120.02523040771484,149.3106689453125,72.3118896484375,145.64100646972656,130.74713134765625,325.3399963378906
2022-03-07,155.80165100097656,268.72174072265625,115.39032745361328,151.7157745361328,74.91748809814453,137.4530029296875,125.26773071289062,322.7200012207031
2022-03-08,153.9824981689453,265.7735595703125,114.57764434814453,148.64114379882812,75.48504638671875,136.01449584960938,125.98734283447266,318.5199890136719
2022-03-09,159.3714599609375,277.96148681640625,119.16790771484375,149.20494079589844,71.19398498535156,139.2790069580078,132.247314453125,325.3999938964844
2022-03-10,155.03880310058594,275.1577453613281,117.75689697265625,149.46926879882812,73.40397644042969,146.8175048828125,131.26556396484375,325.29998779296875
2022-03-11,151.33200073242188,269.8393859863281,115.10455322265625,149.19618225097656,73.025634765625,145.52450561523438,128.72901916503906,326.6000061035156
2022-03-14,147.31227111816406,266.34197998046875,116.24763488769531,151.25765991210938,70.41142272949219,141.85299682617188,124.8439712524414,329.9800109863281
2022-03-15,151.68411254882812,276.6607971191406,118.3105697631836,155.1780548095703,66.40413665771484,147.3665008544922,128.06243896484375,332.54998779296875
2022-03-16,156.0852813720703,283.63629150390625,123.59738159179688,153.75083923339844,66.15474700927734,153.10400390625,132.10906982421875,336.1099853515625
2022-03-17,157.0926513671875,284.4359436035156,125.16022491455078,155.75953674316406,67.91764068603516,157.23899841308594,132.6626434326172,344.9700012207031
2022-03-18,160.37884521484375,289.4556579589844,125.1155776977539,154.03280639648438,67.65103149414062,161.25050354003906,134.92906188964844,342.4100036621094
2022-03-21,161.74815368652344,288.2320251464844,124.71370697021484,154.90499877929688,70.68659973144531,161.4915008544922,134.90525817871094,349.6600036621094
2022-03-22,165.11256408691406,292.9530944824219,127.36605072021484,154.1737518310547,70.37701416015625,164.88900756835938,138.63864135742188,349.92999267578125
2022-03-23,166.47203063964844,288.5498962402344,124.829833984375,153.59230041503906,71.48634338378906,163.4080047607422,137.06015014648438,348.1600036621094
2022-03-24,170.247314453125,292.9915771484375,125.6424789428711,154.38519287109375,71.70133209228516,163.64950561523438,140.32769775390625,352.3699951171875
2022-03-25,170.8829803466797,292.5869445800781,126.74093627929688,155.865234375,73.26641845703125,164.77349853515625,140.4278106689453,358.760009765625
2022-03-28,171.74365234375,299.3504333496094,125.8032455444336,156.66697692871094,71.21115112304688,168.99049377441406,140.21221923828125,359.57000732421875
2022-03-29,175.0299072265625,303.8883972167969,126.0800552368164,156.587646484375,70.83280181884766,169.31500244140625,141.25296020507812,355.1199951171875
2022-03-30,173.86602783203125,302.3951110839844,125.50849914550781,158.21749877929688,72.04529571533203,166.30099487304688,140.6909637451172,357.6099853515625
2022-03-31,170.77540588378906,297.0477600097656,121.73990631103516,156.13836669921875,71.02198028564453,162.99749755859375,137.84519958496094,352.9100036621094
2022-04-01,170.4819793701172,298.11724853515625,120.83790588378906,156.98411560058594,71.47774505615234,163.55999755859375,138.9186553955078,351.8800048828125
2022-04-04,174.52133178710938,303.4644775390625,121.37371826171875,155.4688262939453,71.51214599609375,168.34649658203125,141.71487426757812,345.42999267578125
2022-04-05,171.21551513671875,299.5238952636719,119.96122741699219,156.4731903076172,71.1423568725586,164.05499267578125,139.3553009033203,344.79998779296875
2022-04-06,168.05645751953125,288.5596923828125,118.296875,160.5433349609375,71.93350982666016,158.75599670410156,135.34786987304688,344.7099914550781
2022-04-07,168.3596649169922,290.3613586425781,117.9369888305664,160.12925720214844,73.13743591308594,157.7845001220703,134.69412231445312,346.510009765625
2022-04-08,166.3546905517578,286.1220397949219,120.09619903564453,160.44638061523438,74.67668914794922,154.4604949951172,132.11599731445312,353.1000061035156
2022-04-11,162.1099853515625,274.8398132324219,119.65536499023438,158.43777465820312,72.10549926757812,151.1219940185547,127.69124603271484,352.0199890136719
2022-04-12,163.97801208496094,271.75665283203125,118.34183502197266,158.49061584472656,73.61036682128906,150.78750610351562,126.59197998046875,349.739990234375
2022-04-13,166.6578826904297,277.11358642578125,114.52728271484375,159.16018676757812,74.6509017944336,155.54100036621094,128.7523193359375,346.2200012207031
2022-04-14,161.6600799560547,269.60809326171875,113.46568298339844,158.49061584472656,75.52803039550781,151.7064971923828,125.61612701416016,344.3299865722656
2022-04-18,161.4449005126953,270.27294921875,115.5708999633789,156.5172119140625,76.14718627929688,152.78500366210938,126.55431365966797,346.6499938964844
2022-04-19,163.72373962402344,274.87835693359375,117.96397399902344,161.2921600341797,75.46785736083984,158.11549377441406,128.86630249023438,348.5
2022-04-20,163.5574951171875,275.89959716796875,118.37783813476562,162.00575256347656,75.63982391357422,153.9980010986328,126.91461181640625,348.82000732421875
2022-04-21,162.76527404785156,270.5523376464844,117.4601821899414,161.5388641357422,74.84008026123047,148.29600524902344,123.71746063232422,343.6000061035156
2022-04-22,158.23695373535156,264.0199279785156,114.08643341064453,159.93545532226562,73.20621490478516,144.35000610351562,118.58397674560547,335.55999755859375
2022-04-25,159.30300903320312,270.46563720703125,114.05045318603516,163.8734893798828,70.73820495605469,146.07400512695312,121.99226379394531,336.95001220703125
2022-04-26,153.35655212402344,260.3492126464844,110.67671203613281,162.70175170898438,70.76400756835938,139.39100646972656,117.6071548461914,330.6499938964844
2022-04-27,153.1316375732422,272.8742370605469,109.23725128173828,160.42881774902344,72.78485870361328,138.16700744628906,113.28994750976562,329.5799865722656
2022-04-28,160.04635620117188,279.0501403808594,110.96460723876953,161.62696838378906,74.98627471923828,144.59649658203125,117.48076629638672,331.2699890136719
2022-04-29,154.18783569335938,267.3825378417969,107.38394165039062,158.98399353027344,73.30941772460938,124.28150177001953,113.1065444946289,322.8299865722656
2022-05-02,154.49105834960938,274.07861328125,108.36456298828125,157.38055419921875,74.30693817138672,124.5,115.55831146240234,318.19000244140625
2022-05-03,155.9777069091797,271.4868469238281,110.68571472167969,157.07223510742188,75.8376235961914,124.25350189208984,116.3027114868164,318.989990234375
2022-05-04,162.37405395507812,279.38739013671875,114.34735107421875,158.75489807128906,78.8559799194336,125.92849731445312,121.18641662597656,326.79998779296875
2022-05-05,153.3272247314453,267.21875,111.48641967773438,155.72430419921875,77.66068267822266,116.40699768066406,115.48149108886719,318.67999267578125
2022-05-06,154.05201721191406,264.6944885253906,111.3064956665039,155.38067626953125,78.84738159179688,114.77249908447266,114.72917938232422,318.8800048828125
2022-05-09,148.93911743164062,254.91517639160156,109.63310241699219,156.22645568847656,72.63005828857422,108.78900146484375,111.52210998535156,312.9599914550781
2022-05-10,151.33888244628906,259.6554870605469,106.96112060546875,156.01502990722656,73.11161041259766,108.85900115966797,113.38955688476562,312.5299987792969
2022-05-11,143.49325561523438,251.032470703125,106.28633880615234,155.1692657470703,74.63372039794922,105.37200164794922,112.60401916503906,311.5400085449219
2022-05-12,139.63414001464844,246.0224151611328,106.19637298583984,156.70220947265625,74.97251892089844,106.93049621582031,111.85218811035156,308.05999755859375
2022-05-13,144.09071350097656,251.58157348632812,107.14102172851562,155.80360412597656,77.19650268554688,113.05500030517578,115.0304946899414,310.3599853515625
2022-05-16,142.55296325683594,251.9477081298828,106.39431762695312,156.88720703125,79.01217651367188,110.81050109863281,113.43911743164062,309.2900085449219
2022-05-17,146.17701721191406,257.0733947753906,109.92100524902344,157.5391387939453,80.0199203491211,115.36849975585938,115.44927978515625,314.6000061035156
2022-05-18,137.92987060546875,245.36892700195312,108.04070281982422,154.61424255371094,78.75154876708984,107.11250305175781,110.91598510742188,306.6400146484375
2022-05-19,134.5310516357422,244.46116638183594,106.43930053710938,153.23985290527344,79.17723083496094,107.31900024414062,109.41380310058594,304.1499938964844
2022-05-20,134.76614379882812,243.9010467529297,105.5666275024414,155.91812133789062,79.80272674560547,107.59100341796875,107.95079040527344,304.04998779296875
2022-05-23,140.17282104492188,251.7136688232422,112.09819030761719,159.10125732421875,81.56629943847656,107.55699920654297,110.50810241699219,310.20001220703125
2022-05-24,137.47927856445312,250.71897888183594,113.68159484863281,160.83901977539062,82.00932312011719,104.0999984741211,105.03861236572266,309.1700134277344
2022-05-25,137.63597106933594,253.51950073242188,114.47330474853516,159.2607879638672,83.65994262695312,106.7750015258789,104.87506103515625,308.6400146484375
2022-05-26,140.82907104492188,256.7836608886719,116.45254516601562,159.1189422607422,83.95532989501953,111.07749938964844,106.84508514404297,312.5
2022-05-27,146.56883239746094,263.8720397949219,118.09895324707031,160.5641632080078,84.78060913085938,115.14649963378906,111.3293228149414,319.1099853515625
2022-05-31,145.78524780273438,262.54901123046875,118.96263122558594,159.1810302734375,83.39933013916016,120.20950317382812,112.76211547851562,315.9800109863281
2022-06-01,145.65786743164062,263.0801086425781,116.87541198730469,157.56729125976562,84.99781036376953,121.68399810791016,112.89096069335938,312.2099914550781
2022-06-02,148.10662841796875,265.1661071777344,118.75569152832031,157.0707550048828,84.8501205444336,125.51100158691406,116.58868408203125,314.95001220703125
2022-06-03,142.39625549316406,260.762451171875,117.10031127929688,156.4235076904297,86.08372497558594,122.3499984741211,113.53426361083984,310.94000244140625
2022-06-06,143.14064025878906,259.5359802246094,116.71346282958984,156.40577697753906,85.86653900146484,124.79000091552734,115.79373168945312,312.1499938964844
2022-06-07,145.65786743164062,263.1573486328125,117.01934814453125,158.12591552734375,89.80194091796875,123.0,116.11983489990234,313.6499938964844
2022-06-08,144.9232940673828,261.13909912109375,115.15704345703125,157.18600463867188,90.86180877685547,121.18000030517578,116.1639404296875,308.739990234375
2022-06-09,139.7124481201172,255.7117919921875,112.73694610595703,154.02069091796875,88.89846801757812,116.1500015258789,113.8261947631836,300.79998779296875
2022-06-10,134.31553649902344,244.31629943847656,107.55488586425781,152.99215698242188,87.27392578125,109.6500015258789,110.1844711303711,291.7099914550781
2022-06-13,129.17332458496094,233.95416259765625,104.3520736694336,151.44937133789062,83.26901245117188,103.66999816894531,105.45738983154297,281.55999755859375
2022-06-14,130.0352325439453,236.1077117919922,102.61571502685547,149.12635803222656,83.4861831665039,102.30999755859375,105.77753448486328,277.6400146484375
2022-06-15,132.6504669189453,243.12843322753906,103.83026123046875,150.72230529785156,82.43501281738281,107.66999816894531,108.79975128173828,278.92999267578125
2022-06-16,127.39064025878906,236.57127380371094,102.0489273071289,150.8021240234375,79.39441680908203,103.66000366210938,105.10155487060547,268.55999755859375
2022-06-17,128.85987854003906,239.1593475341797,101.68904876708984,150.2523956298828,74.8161392211914,106.22000122070312,106.20178985595703,268.0799865722656
2022-06-21,133.08140563964844,245.04058837890625,104.20812225341797,153.40003967285156,79.47261047363281,108.68000030517578,110.56360626220703,271.7699890136719
2022-06-22,132.57208251953125,244.45147705078125,103.62334442138672,155.8206024169922,76.3277587890625,108.94999694824219,110.50761413574219,269.7900085449219
2022-06-23,135.43215942382812,249.98504638671875,102.4897689819336,159.2962646484375,74.02558898925781,112.44000244140625,111.2554702758789,267.5199890136719
2022-06-24,138.75259399414062,258.5220031738281,105.54861450195312,161.628173828125,75.49375915527344,116.45999908447266,116.9380874633789,278.2799987792969
2022-06-27,138.75259399414062,255.80833435058594,104.70294189453125,161.47740173339844,77.34417724609375,113.22000122070312,114.8154067993164,278.3999938964844
2022-06-28,134.6191864013672,247.68667602539062,104.19914245605469,156.8845672607422,79.48997497558594,107.4000015258789,111.02302551269531,273.8599853515625
2022-06-29,136.37246704101562,251.33706665039062,103.73131561279297,156.9289093017578,76.55361938476562,108.91999816894531,110.7197265625,273.489990234375
2022-06-30,133.9139862060547,248.02464294433594,101.31121063232422,157.38995361328125,74.39915466308594,106.20999908447266,108.00528717041016,273.0199890136719
2022-07-01,136.07859802246094,250.6803436279297,102.60672760009766,159.1721649169922,76.05843353271484,109.55999755859375,107.78177642822266,277.5
2022-07-05,138.6546173095703,253.8382568359375,102.2164306640625,157.94854736328125,73.67809295654297,113.5,112.26749420166016,275.69000244140625
2022-07-06,139.9866943359375,257.0830383300781,101.55388641357422,158.09043884277344,72.34891510009766,114.33000183105469,113.56499481201172,275.6499938964844
2022-07-07,143.3463134765625,259.1979675292969,104.1224594116211,158.26773071289062,74.65977478027344,116.33000183105469,117.73897552490234,279.2799987792969
2022-07-08,144.02215576171875,258.48333740234375,103.79571533203125,158.07269287109375,74.78138732910156,115.54000091552734,118.30447387695312,280.8299865722656
2022-07-11,141.89669799804688,255.44129943847656,102.43428039550781,158.13475036621094,74.39915466308594,111.75,114.6597900390625,278.510009765625
2022-07-12,142.8664093017578,244.9729766845703,102.53412628173828,155.9181365966797,73.40878295898438,109.22000122070312,113.01834106445312,277.2799987792969
2022-07-13,142.50399780273438,244.0555877685547,101.5720443725586,155.5545654296875,73.70415496826172,110.4000015258789,110.3747787475586,277.4700012207031
2022-07-14,145.42283630371094,245.36892700195312,98.02323913574219,155.7673797607422,72.22728729248047,110.62999725341797,109.3974609375,274.4100036621094
2022-07-15,147.08792114257812,247.91842651367188,102.51596069335938,158.0283660888672,73.44352722167969,113.55000305175781,110.79505157470703,278.4800109863281
2022-07-18,144.05154418945312,245.53306579589844,101.46311950683594,154.4817657470703,74.79875183105469,113.76000213623047,108.07170867919922,276.260009765625
2022-07-19,147.9009246826172,250.632080078125,103.97721099853516,152.22962951660156,76.6839370727539,118.20999908447266,112.80968475341797,283.54998779296875
2022-07-20,149.89906311035156,253.2781219482422,103.95907592773438,151.36073303222656,77.526611328125,122.7699966430664,112.8989028930664,286.0400085449219
2022-07-21,152.1616668701172,255.7600555419922,104.66703796386719,151.8927001953125,76.2322006225586,124.62999725341797,113.33503723144531,286.8500061035156
2022-07-22,150.927490234375,251.43360900878906,104.15876007080078,152.6109161376953,75.65013885498047,122.41999816894531,106.9516372680664,285.92999267578125
2022-07-25,149.81088256835938,249.9560089111328,104.5762710571289,152.91233825683594,78.16948699951172,121.13999938964844,106.5650634765625,287.989990234375
2022-07-26,148.48858642578125,243.26368713378906,102.9425277709961,153.99407958984375,77.86543273925781,114.80999755859375,104.0969467163086,285.30999755859375
2022-07-27,153.57205200195312,259.52630615234375,104.59442138671875,153.56849670410156,79.55078125,120.97000122070312,112.06629180908203,290.29998779296875
2022-07-28,154.12057495117188,266.933349609375,104.20413970947266,154.4551239013672,80.48035430908203,122.27999877929688,113.2160873413086,293.8999938964844
2022-07-29,159.17465209960938,271.1148376464844,104.70333099365234,154.73883056640625,84.20726013183594,134.9499969482422,115.2976303100586,300.6000061035156
2022-08-01,158.19520568847656,268.47845458984375,103.6595458984375,154.19802856445312,82.0788345336914,135.38999938964844,113.85045623779297,295.8599853515625
2022-08-02,156.7259979248047,265.39788818359375,102.04399871826172,153.3202362060547,81.72264862060547,134.16000366210938,114.11809539794922,292.1700134277344
2022-08-03,162.72035217285156,272.7855529785156,103.11499786376953,154.80096435546875,79.0729751586914,139.52000427246094,117.04216766357422,294.9599914550781
2022-08-04,162.40695190429688,273.9251403808594,101.98046875,152.3183135986328,75.74568939208984,142.57000732421875,117.15119171142578,292.9100036621094
2022-08-05,162.1813507080078,273.21051025390625,105.06639099121094,151.71539306640625,76.8403091430664,140.8000030517578,116.43753051757812,292.07000732421875
2022-08-08,161.71054077148438,270.70928955078125,103.78662872314453,150.90850830078125,77.27468872070312,139.41000366210938,116.26901245117188,292.3399963378906
2022-08-09,161.75958251953125,272.62139892578125,104.72148895263672,150.89077758789062,78.69942474365234,137.8300018310547,115.60490417480469,292.7699890136719
2022-08-10,165.99679565429688,279.2462158203125,107.45343017578125,151.3252716064453,79.446533203125,142.69000244140625,118.64791107177734,295.1099853515625
2022-08-11,165.26119995117188,277.1795349121094,109.0417709350586,148.1953582763672,81.74476623535156,140.63999938964844,117.79547119140625,296.4700012207031
2022-08-12,168.80201721191406,281.9019470214844,110.84794616699219,146.56393432617188,82.45527648925781,143.5500030517578,120.61051940917969,301.54998779296875
2022-08-15,169.87109375,283.4084167480469,111.14745330810547,147.26438903808594,80.98162078857422,143.17999267578125,121.00701141357422,302.82000732421875
2022-08-16,169.7141876220703,282.6744689941406,112.20938110351562,148.57666015625,80.22721862792969,144.77999877929688,120.63034057617188,306.6499938964844
2022-08-17,171.2050323486328,281.9292907714844,111.26542663574219,148.5854949951172,80.87635803222656,142.10000610351562,118.4992446899414,304.260009765625
2022-08-18,170.81271362304688,280.81640625,110.4031982421875,147.8673095703125,82.78860473632812,142.3000030517578,119.11378479003906,304.2699890136719
2022-08-19,168.23313903808594,276.92596435546875,107.67125701904297,150.11940002441406,82.52545928955078,138.22999572753906,116.1798095703125,297.2799987792969
2022-08-22,164.3588409423828,268.79669189453125,105.89231872558594,149.59275817871094,82.46406555175781,133.22000122070312,113.23590850830078,288.69000244140625
2022-08-23,164.02532958984375,267.5289611816406,104.84854125976562,148.28958129882812,85.96401977539062,133.6199951171875,112.8592529296875,289.6499938964844
2022-08-24,164.31954956054688,266.8999328613281,105.10269165039062,147.7986297607422,86.4727783203125,133.8000030517578,112.69075012207031,293.5199890136719
2022-08-25,166.7716522216797,269.86126708984375,107.5986557006836,149.1821746826172,86.92015075683594,137.27999877929688,115.6247329711914,298.1300048828125
2022-08-26,160.48452758789062,259.4481506347656,104.07707214355469,146.62928771972656,85.8499984741211,130.75,109.37019348144531,289.9599914550781
2022-08-29,158.2874298095703,256.6803283691406,103.82295227050781,145.49569702148438,87.82363891601562,129.7899932861328,108.4582748413086,287.45001220703125
2022-08-30,155.86474609375,254.49314880371094,103.84111785888672,144.98687744140625,84.4815673828125,128.72999572753906,107.98249816894531,285.4200134277344
2022-08-31,154.20713806152344,253.04150390625,103.22390747070312,144.01393127441406,83.8499984741211,126.7699966430664,107.26881408691406,280.79998779296875
2022-09-01,154.93295288085938,252.00601196289062,103.93185424804688,147.5843963623047,82.34126281738281,127.81999969482422,108.77545166015625,282.42999267578125
2022-09-02,152.82415771484375,247.80592346191406,103.20575714111328,145.2635955810547,83.8499984741211,127.51000213623047,106.9020767211914,277.6700134277344
2022-09-06,151.5686798095703,245.0865020751953,103.23299407958984,145.6563720703125,83.28858947753906,126.11000061035156,105.87120056152344,276.5899963378906
2022-09-07,152.9713134765625,249.7704620361328,105.19344329833984,146.45079040527344,82.57809448242188,129.47999572753906,108.4880142211914,281.0400085449219
2022-09-08,151.50006103515625,250.18661499023438,107.64404296875,147.62904357910156,83.25352478027344,129.82000732421875,107.42741394042969,283.3399963378906
2022-09-09,154.35426330566406,255.93515014648438,108.161376953125,147.9146270751953,84.64823913574219,133.27000427246094,109.6774673461914,285.7699890136719
2022-09-12,160.2981414794922,258.0545349121094,109.4411392211914,147.8521728515625,85.62191772460938,136.4499969482422,109.88561248779297,288.510009765625
2022-09-13,150.8919219970703,243.86712646484375,105.63817596435547,144.0050048828125,83.6219253540039,126.81999969482422,103.40310668945312,278.2900085449219
2022-09-14,152.333740234375,244.08969116210938,105.39314270019531,146.97743225097656,85.67453002929688,128.5500030517578,104.0771255493164,278.4200134277344
2022-09-15,149.45008850097656,237.47018432617188,106.98147583007812,147.35231018066406,83.183349609375,126.27999877929688,102.00550079345703,276.70001220703125
2022-09-16,147.81210327148438,236.85081481933594,106.26444244384766,149.60169982910156,81.76229858398438,123.52999877929688,101.89646911621094,274.80999755859375
2022-09-19,151.51963806152344,236.63790893554688,107.24468231201172,148.4234619140625,81.75353240966797,124.66000366210938,102.16409301757812,278.95001220703125
2022-09-20,153.8932647705078,234.6346435546875,105.12991333007812,147.2541046142578,81.08688354492188,122.19000244140625,100.25104522705078,277.1300048828125
2022-09-21,150.77423095703125,231.24745178222656,102.09846496582031,145.74563598632812,79.77987670898438,118.54000091552734,98.40740203857422,270.739990234375
2022-09-22,149.81300354003906,233.21200561523438,100.93669891357422,148.33416748046875,79.44654083251953,117.30999755859375,99.25984191894531,268.510009765625
2022-09-23,147.54722595214844,230.25067138671875,99.05792999267578,148.81619262695312,75.21851348876953,113.77999877929688,97.87214660644531,267.7699890136719
2022-09-26,147.88075256347656,229.7958221435547,96.92501831054688,147.9057159423828,73.66590881347656,115.1500015258789,97.30716705322266,264.32000732421875
2022-09-27,148.85177612304688,228.78932189941406,96.07182312011719,147.2273406982422,75.2097396850586,114.41000366210938,96.64305114746094,265.4700012207031
2022-09-28,146.9685516357422,233.29913330078125,98.01415252685547,148.494873046875,77.9465560913086,118.01000213623047,99.17063903808594,271.7799987792969
2022-09-29,139.74960327148438,229.84417724609375,96.35322570800781,146.86138916015625,77.78865051269531,114.80000305175781,96.56373596191406,269.5799865722656
2022-09-30,135.55160522460938,225.39248657226562,94.84654998779297,145.81703186035156,76.5869140625,113.0,94.80931091308594,267.0199890136719
2022-10-03,139.7201385498047,232.97976684570312,97.77816772460938,145.67417907714844,80.6307601928711,115.87999725341797,97.77302551269531,272.79998779296875
2022-10-04,143.30026245117188,240.8573760986328,102.35258483886719,147.83432006835938,83.5693130493164,121.08999633789062,100.74667358398438,280.489990234375
2022-10-05,143.5944366455078,241.1670379638672,101.0888671875,147.3791046142578,86.94647216796875,120.94999694824219,100.53849792480469,279.3599853515625
2022-10-06,142.64308166503906,238.83470153808594,99.02845001220703,144.52272033691406,89.52538299560547,120.30000305175781,100.52857971191406,276.30999755859375
2022-10-07,137.40542602539062,226.68931579589844,97.0504379272461,142.99636840820312,88.62188720703125,114.55999755859375,97.81268310546875,269.0400085449219
2022-10-10,137.72909545898438,221.86012268066406,96.14385223388672,143.18382263183594,86.70085144042969,113.66999816894531,96.99988555908203,266.92999267578125
2022-10-11,136.31666564941406,218.14390563964844,93.3691635131836,145.254638671875,85.96401977539062,112.20999908447266,96.32584381103516,267.30999755859375
2022-10-12,135.68894958496094,218.47293090820312,94.880126953125,145.21896362304688,86.34120178222656,112.9000015258789,96.70252227783203,264.0
2022-10-13,140.2498321533203,226.68931579589844,100.15479278564453,147.41481018066406,89.35872650146484,112.52999877929688,98.18933868408203,275.7799987792969
2022-10-14,135.72816467285156,221.1923828125,101.82146453857422,146.7989044189453,87.00788116455078,106.9000015258789,95.7113037109375,272.6700134277344
2022-10-17,139.68096923828125,229.8732147216797,106.09797668457031,148.7001495361328,88.26224517822266,113.79000091552734,99.09132385253906,277.0199890136719
2022-10-18,140.9952850341797,230.81199645996094,108.8268814086914,148.182373046875,88.4201431274414,116.36000061035156,99.88430786132812,281.6700134277344
2022-10-19,141.1031494140625,228.85707092285156,106.69322204589844,147.0041961669922,91.04291534423828,115.06999969482422,98.75433349609375,278.3399963378906
2022-10-20,140.64215087890625,228.53768920898438,106.34522247314453,147.3791046142578,91.16572570800781,115.25,99.09132385253906,273.5299987792969
2022-10-21,144.44781494140625,234.3152618408203,111.93125915527344,150.5924835205078,92.85868835449219,119.31999969482422,100.24113464355469,282.510009765625
2022-10-24,146.5860595703125,239.27987670898438,112.06861877441406,152.61871337890625,93.5077896118164,119.81999969482422,101.61891174316406,287.4800109863281
2022-10-25,149.42066955566406,242.58001708984375,112.36166381835938,152.3777313232422,92.876220703125,120.5999984741211,103.56169128417969,289.239990234375
2022-10-26,146.48800659179688,223.86343383789062,113.6528549194336,153.71664428710938,93.98148345947266,115.66000366210938,94.09561920166016,288.5199890136719
2022-10-27,142.02517700195312,219.44073486328125,114.10157775878906,153.80587768554688,94.34113311767578,110.95999908447266,91.40946197509766,289.8800048828125
2022-10-28,152.7554931640625,228.26675415039062,115.45689392089844,156.09097290039062,97.104248046875,103.41000366210938,95.44367218017578,299.6300048828125
2022-10-31,150.4014892578125,224.6472930908203,115.27374267578125,155.2876434326172,97.20073699951172,102.44000244140625,93.67933654785156,295.0899963378906
2022-11-01,147.76304626464844,220.81495666503906,117.35244750976562,154.50213623046875,98.1656494140625,96.79000091552734,89.67483520507812,294.1300048828125
2022-11-02,142.250732421875,213.0050811767578,116.27188873291016,152.12779235839844,96.14813232421875,92.12000274658203,86.20559692382812,289.4599914550781
2022-11-03,136.2186279296875,207.34365844726562,116.48250579833984,152.38665771484375,97.45511627197266,89.30000305175781,82.69671630859375,283.8500061035156
2022-11-04,135.9533233642578,214.25347900390625,119.6692886352539,153.06503295898438,98.51651763916016,90.9800033569336,85.81902313232422,287.4700012207031
2022-11-07,136.48388671875,220.52459716796875,120.30113983154297,154.40394592285156,99.68316650390625,90.52999877929688,87.71224212646484,290.19000244140625
2022-11-08,137.05368041992188,221.4923858642578,120.3743896484375,155.17156982421875,99.99896240234375,89.9800033569336,88.1186294555664,292.6099853515625
2022-11-09,132.5048828125,217.27291870117188,118.80848693847656,153.93081665039062,95.52532958984375,86.13999938964844,86.55252075195312,288.6499938964844
2022-11-10,144.29443359375,235.1475372314453,123.69857788085938,155.7339324951172,96.92881774902344,96.62999725341797,93.11434173583984,303.20001220703125
2022-11-11,147.07479858398438,239.1444091796875,123.90003204345703,151.0745086669922,99.9551010131836,100.79000091552734,95.5626220703125,309.7200012207031
2022-11-14,145.67970275878906,233.76361083984375,122.62714385986328,153.44883728027344,100.24690246582031,98.48999786376953,94.85885620117188,308.9100036621094
2022-11-15,147.40884399414062,234.17010498046875,121.73887634277344,153.87728881835938,100.91893005371094,98.94000244140625,97.57477569580078,309.9800109863281
2022-11-16,146.18077087402344,234.59710693359375,121.9036636352539,154.8323974609375,99.84015655517578,97.12000274658203,97.98117065429688,308.760009765625
2022-11-17,148.0769500732422,234.54855346679688,121.37256622314453,156.08204650878906,99.97279357910156,94.8499984741211,97.49547576904297,307.44000244140625
2022-11-18,148.6369171142578,234.10215759277344,122.56304168701172,157.2781219482422,99.10623931884766,94.13999938964844,96.57365417480469,310.760009765625
2022-11-21,145.41444396972656,234.90768432617188,121.83959197998047,158.086669921875,98.12471771240234,92.45999908447266,94.75973510742188,311.20001220703125
2022-11-22,147.54638671875,237.7997283935547,123.66192626953125,158.85031127929688,100.96315002441406,93.19999694824219,96.19701385498047,315.760009765625
2022-11-23,148.42080688476562,240.27450561523438,124.9805908203125,159.02101135253906,100.4591293334961,94.12999725341797,97.59461212158203,316.17999267578125
2022-11-25,145.51271057128906,240.1871337890625,125.21871185302734,159.22764587402344,100.10542297363281,93.41000366210938,96.60340118408203,317.42999267578125
2022-11-28,141.69093322753906,234.62623596191406,123.03005981445312,159.30850219726562,97.09898376464844,93.94999694824219,95.2057876586914,313.2699890136719
2022-11-29,138.6944122314453,233.2384490966797,125.05387115478516,158.19447326660156,97.74449157714844,92.41999816894531,94.35335540771484,315.1300048828125
2022-11-30,145.43414306640625,247.6114044189453,126.53736114501953,159.91038513183594,98.4518814086914,96.54000091552734,100.10237884521484,318.6000061035156
2022-12-01,145.709228515625,247.17471313476562,124.76081848144531,160.57518005371094,97.97439575195312,95.5,100.10237884521484,315.8399963378906
2022-12-02,145.21795654296875,247.4949951171875,123.77183532714844,160.70095825195312,97.14320373535156,94.12999725341797,99.55721282958984,316.1499938964844
2022-12-05,144.0586700439453,242.8171844482422,120.30113983154297,160.61109924316406,94.48162078857422,91.01000213623047,98.60563659667969,310.57000732421875
2022-12-06,140.40391540527344,237.88706970214844,120.50263214111328,158.20347595214844,91.85539245605469,88.25,96.12761688232422,307.7799987792969
2022-12-07,138.46841430664062,237.15921020507812,120.42021179199219,159.1647491455078,91.65203094482422,88.45999908447266,94.10555267333984,305.82000732421875
2022-12-08,140.1484832763672,240.09979248046875,121.6839370727539,159.19168090820312,92.33290100097656,90.3499984741211,92.8863525390625,305.989990234375
2022-12-09,139.6670379638672,238.17825317382812,121.02462005615234,157.8800506591797,91.55477142333984,89.08999633789062,92.01409912109375,306.3900146484375
2022-12-12,141.95619201660156,245.0590057373047,122.90185546875,159.7666473388672,93.8095932006836,90.55000305175781,92.48987579345703,311.45001220703125
2022-12-13,142.9190216064453,249.33889770507812,122.78282165527344,160.9974365234375,94.8353271484375,92.48999786376953,94.78948974609375,312.3299865722656
2022-12-14,140.69866943359375,249.6300048828125,122.16925811767578,161.49148559570312,94.13677215576172,91.58000183105469,94.23439025878906,309.2900085449219
2022-12-15,134.10629272460938,241.66229248046875,119.13816833496094,159.4521942138672,93.23483276367188,88.44999694824219,90.0614013671875,301.9100036621094
2022-12-16,132.15118408203125,237.4698028564453,118.39640045166016,157.81715393066406,92.58049011230469,87.86000061035156,89.46666717529297,300.0
2022-12-19,130.04873657226562,233.3549041748047,119.10151672363281,157.646484375,92.99607849121094,84.91999816894531,87.66268157958984,300.0299987792969
2022-12-20,129.97996520996094,234.66506958007812,119.6784439086914,157.81715393066406,94.34015655517578,85.19000244140625,88.23756408691406,302.0
2022-12-21,133.07470703125,237.2174530029297,121.02462005615234,159.62289428710938,95.55155944824219,86.7699966430664,88.79266357421875,307.82000732421875
2022-12-22,129.9111785888672,231.1615447998047,119.6509780883789,159.0389862060547,93.6239013671875,83.79000091552734,86.9886474609375,302.69000244140625
2022-12-23,129.5476531982422,231.68563842773438,120.21874237060547,159.44322204589844,96.09979248046875,85.25,88.44573974609375,306.489990234375
2022-12-27,127.74974822998047,229.9678955078125,120.63998413085938,159.39828491210938,97.43501281738281,83.04000091552734,86.62190246582031,305.54998779296875
2022-12-28,123.82972717285156,227.6095733642578,121.29933166503906,158.70657348632812,95.83451843261719,81.81999969482422,85.2639389038086,303.42999267578125
2022-12-29,127.33712768554688,233.89837646484375,121.99528503417969,159.51512145996094,96.5595932006836,84.18000030517578,87.67257690429688,309.05999755859375
2022-12-30,127.6514892578125,232.7434844970703,122.80115509033203,158.69757080078125,97.53225708007812,84.0,87.45452117919922,308.8999938964844
2023-01-03,122.8767318725586,232.51055908203125,123.73518371582031,160.08106994628906,94.18097686767578,85.81999969482422,88.3366928100586,309.9100036621094
2023-01-04,124.14412689208984,222.33981323242188,124.88905334472656,161.82394409179688,94.45508575439453,85.13999938964844,87.30583953857422,314.54998779296875
2023-01-05,122.82762145996094,215.7501678466797,124.86136627197266,160.6290740966797,96.56842803955078,83.12000274658203,85.44235229492188,312.8999938964844
2023-01-06,127.3469467163086,218.29283142089844,127.25067901611328,161.9317169189453,97.73563385009766,86.08000183105469,86.57234954833984,318.69000244140625
2023-01-09,127.86763763427734,220.41822814941406,126.72480773925781,157.736328125,95.91410827636719,87.36000061035156,87.24636840820312,315.5299987792969
2023-01-10,128.43751525878906,222.09715270996094,127.85948181152344,157.35897827148438,97.34656524658203,89.87000274658203,87.64285278320312,316.3500061035156
2023-01-11,131.14907836914062,228.81297302246094,128.8096923828125,157.1074676513672,98.47840118408203,95.08999633789062,90.7155990600586,320.3699951171875
2023-01-12,131.0704803466797,231.47207641601562,128.6805419921875,156.31692504882812,100.11426544189453,95.2699966430664,90.32902526855469,318.92999267578125
2023-01-13,132.39682006835938,232.1708984375,131.92774963378906,155.80479431152344,100.05237579345703,98.12000274658203,91.31034088134766,317.6400146484375
2023-01-17,133.55613708496094,233.25782775878906,129.88900756835938,154.84353637695312,99.85784149169922,96.05000305175781,90.48763275146484,314.8599853515625
2023-01-18,132.83892822265625,228.851806640625,125.98680114746094,152.50779724121094,97.80638122558594,95.45999908447266,90.31912231445312,308.29998779296875
2023-01-19,132.8978729248047,225.0862579345703,124.30785369873047,152.30116271972656,98.43418884277344,93.68000030517578,92.23217010498047,305.2300109863281
2023-01-20,135.4522705078125,233.13165283203125,124.61229705810547,151.59146118164062,100.2292251586914,97.25,97.15846252441406,309.8699951171875
2023-01-23,138.6354522705078,235.4220428466797,126.63256072998047,151.2051239013672,99.70751953125,97.5199966430664,98.91291809082031,310.4200134277344
2023-01-24,140.0305938720703,234.89796447753906,127.72113800048828,151.2051239013672,100.63595581054688,96.31999969482422,96.84129333496094,311.29998779296875
2023-01-25,139.372314453125,233.51016235351562,128.33920288085938,152.28318786621094,100.10542297363281,97.18000030517578,94.3830795288086,311.8999938964844
2023-01-26,141.43548583984375,240.68212890625,129.132568359375,151.72618103027344,104.12875366210938,99.22000122070312,96.66287231445312,310.95001220703125
2023-01-27,143.37094116210938,240.83737182617188,129.4462432861328,151.13323974609375,102.22763061523438,102.23999786376953,98.4966049194336,309.1700134277344
2023-01-30,140.49234008789062,235.54820251464844,128.3484344482422,145.5364227294922,100.41490173339844,100.55000305175781,96.08795928955078,307.3299865722656
2023-01-31,141.75967407226562,240.49771118164062,129.11410522460938,146.81210327148438,102.58131408691406,103.12999725341797,97.97126770019531,311.5199890136719
2023-02-01,142.87969970703125,245.2919158935547,128.7727813720703,148.15966796875,101.45832061767578,105.1500015258789,99.54727935791016,310.57000732421875
2023-02-02,148.1751708984375,256.7922668457031,128.1731414794922,148.71664428710938,98.28387451171875,112.91000366210938,106.79304504394531,311.8599853515625
2023-02-03,151.79067993164062,250.72669982910156,130.1565399169922,147.8811798095703,98.9647445678711,103.38999938964844,103.85905456542969,308.510009765625
2023-02-06,149.0692138671875,249.1933135986328,130.9222412109375,146.75819396972656,98.79674530029297,102.18000030517578,101.9955825805664,308.42999267578125
2023-02-07,151.93801879882812,259.6650085449219,132.51817321777344,146.7941436767578,101.61748504638672,102.11000061035156,106.69391632080078,312.9700012207031
2023-02-08,149.25588989257812,258.8594055175781,131.58644104003906,146.98280334472656,100.73323059082031,100.05000305175781,98.4966049194336,308.4800109863281
2023-02-09,148.2243194580078,255.8411407470703,129.53843688964844,144.99742126464844,101.11344909667969,98.23999786376953,94.17493438720703,307.2099914550781
2023-02-10,148.5883331298828,255.33656311035156,130.1103973388672,145.67115783691406,105.37551879882812,97.61000061035156,93.7387924194336,309.8900146484375
2023-02-13,151.3828582763672,263.31396484375,131.5218505859375,146.21017456054688,104.96563720703125,99.54000091552734,93.77845001220703,313.739990234375
2023-02-14,150.74322509765625,264.1389465332031,132.10302734375,145.57232666015625,103.73600006103516,99.69999694824219,93.84782409667969,310.7900085449219
2023-02-15,152.8390655517578,262.0276794433594,132.65655517578125,143.1736602783203,103.42412567138672,101.16000366210938,96.08795928955078,309.6300048828125
2023-02-16,151.2450714111328,255.05184936523438,130.8300018310547,142.15855407714844,103.12117004394531,98.1500015258789,94.67054748535156,308.17999267578125
2023-02-17,150.10369873046875,251.07254028320312,131.21743774414062,145.1263885498047,99.15599822998047,97.19999694824219,93.52072143554688,308.239990234375
2023-02-21,146.0989532470703,245.8284912109375,128.8096923828125,142.96383666992188,99.0579833984375,94.58000183105469,90.98323822021484,302.7200012207031
2023-02-22,146.5220489501953,244.69989013671875,127.82259368896484,142.76478576660156,97.77487182617188,95.79000091552734,90.84446716308594,303.1600036621094
2023-02-23,147.00418090820312,247.8716278076172,128.84657287597656,142.7195281982422,98.67483520507812,95.81999969482422,90.09114837646484,303.07000732421875
2023-02-24,144.35733032226562,242.47190856933594,130.00892639160156,141.1270294189453,98.6837387084961,93.5,88.34660339355469,304.0199890136719
2023-02-27,145.5478973388672,243.38645935058594,131.14361572265625,140.8193817138672,98.50553131103516,93.76000213623047,89.08010864257812,304.6600036621094
2023-02-28,145.04611206054688,242.66650390625,132.24139404296875,138.67489624023438,97.93527221679688,94.2300033569336,89.26844024658203,305.17999267578125
2023-03-01,142.97976684570312,239.60179138183594,131.50340270996094,138.05059814453125,98.80848693847656,92.16999816894531,89.56578826904297,304.6199951171875
2023-03-02,143.57015991210938,244.3107147216797,130.13812255859375,137.94203186035156,99.26293182373047,92.12999725341797,91.19139099121094,307.75
2023-03-03,148.60806274414062,248.37754821777344,132.52740478515625,139.3625946044922,100.51927947998047,94.9000015258789,92.82687377929688,312.45001220703125
2023-03-06,151.36314392089844,249.91473388671875,131.7524871826172,140.7560272216797,101.41034698486328,93.75,94.29387664794922,316.9700012207031
2023-03-07,149.16888427734375,247.26840209960938,127.87793731689453,139.42591857910156,99.45004272460938,93.55000305175781,93.0350341796875,311.1199951171875
2023-03-08,150.41854858398438,246.8306121826172,127.12147521972656,138.40347290039062,97.99763488769531,93.91999816894531,93.42161560058594,311.3699951171875
2023-03-09,148.17510986328125,245.48797607421875,120.2396011352539,136.84718322753906,97.24024963378906,92.25,91.50857543945312,304.82000732421875
2023-03-10,146.11863708496094,241.8589324951172,123.29309844970703,137.1819305419922,96.0373306274414,90.7300033569336,89.83343505859375,303.6300048828125
2023-03-13,148.05702209472656,247.04464721679688,121.0790786743164,138.4939727783203,94.93241119384766,92.43000030517578,90.30921173095703,302.8800048828125
2023-03-14,150.14303588867188,253.72865295410156,124.18794250488281,139.27212524414062,95.28884887695312,94.87999725341797,93.14407348632812,305.3299865722656
2023-03-15,150.53660583496094,258.25274658203125,118.32076263427734,139.6611785888672,90.54846954345703,96.19999694824219,95.26526641845703,297.8800048828125
2023-03-16,153.3507537841797,268.72137451171875,120.6178207397461,139.3716278076172,90.02274322509766,100.04000091552734,99.43827056884766,302.010009765625
2023-03-17,152.51441955566406,271.8638610839844,116.06063079833984,137.87867736816406,88.9623794555664,98.94999694824219,100.72684478759766,293.510009765625
2023-03-20,154.8759002685547,264.85888671875,117.28756713867188,139.2449493408203,91.28802490234375,97.70999908447266,100.33035278320312,301.05999755859375
2023-03-21,156.72573852539062,266.36688232421875,120.43331146240234,139.2449493408203,95.37793731689453,100.61000061035156,103.99781799316406,303.8500061035156
2023-03-22,155.29901123046875,264.9172668457031,117.32447052001953,136.6752166748047,93.19486999511719,98.69999694824219,102.4614486694336,299.7300109863281
2023-03-23,156.38134765625,270.14178466796875,117.01080322265625,136.74761962890625,92.14344787597656,98.70999908447266,104.67185974121094,298.3699951171875
2023-03-24,157.68020629882812,272.97308349609375,115.23038482666016,138.12298583984375,92.2503662109375,98.12999725341797,104.51325988769531,298.9200134277344
2023-03-27,155.74180603027344,268.896484375,118.532958984375,138.7111053466797,94.27305603027344,98.04000091552734,101.5594482421875,302.1400146484375
2023-03-28,155.1218719482422,267.7775573730469,118.89273071289062,137.37197875976562,95.44923400878906,97.23999786376953,100.14202880859375,302.32000732421875
2023-03-29,158.19187927246094,272.91473388671875,119.132568359375,138.72015380859375,97.0887680053711,100.25,100.49884796142578,305.29998779296875
2023-03-30,159.75634765625,276.3587646484375,118.77279663085938,138.82875061035156,97.56100463867188,102.0,100.00325012207031,305.0799865722656
2023-03-31,162.25563049316406,280.4937438964844,120.21190643310547,140.2493133544922,97.71249389648438,103.29000091552734,102.81829833984375,308.7699890136719
2023-04-03,163.50527954101562,279.45269775390625,120.07353973388672,141.92327880859375,103.47759246826172,102.41000366210938,103.44274139404297,310.30999755859375
2023-04-04,162.97390747070312,279.4040222167969,118.46837615966797,143.40719604492188,102.48851013183594,103.94999694824219,103.79959106445312,309.07000732421875
2023-04-05,161.13389587402344,276.6409606933594,118.64502716064453,149.84962463378906,104.24388122558594,101.0999984741211,103.5517807006836,310.3900146484375
2023-04-06,162.0194854736328,283.70440673828125,118.51484680175781,149.4333953857422,102.51526641845703,102.05999755859375,107.4670639038086,312.510009765625
2023-04-10,159.43165588378906,281.55426025390625,118.90534973144531,148.6824188232422,102.0608139038086,102.16999816894531,105.50447845458984,312.6199951171875
2023-04-11,158.22142028808594,275.1717834472656,119.4910888671875,148.6371612548828,102.7825698852539,99.91999816894531,104.42404174804688,313.70001220703125
2023-04-12,157.53260803222656,275.81390380859375,119.47248077392578,148.3204803466797,102.6756362915039,97.83000183105469,103.72028350830078,314.54998779296875
2023-04-13,162.905029296875,281.99200439453125,119.9280776977539,150.3020477294922,103.15680694580078,102.4000015258789,106.48577117919922,318.04998779296875
2023-04-14,162.56063842773438,278.3922119140625,128.9838104248047,150.0577392578125,103.40631103515625,102.51000213623047,107.9131088256836,319.739990234375
2023-04-17,162.58033752441406,280.9801330566406,130.0065155029297,149.90391540527344,102.2033920288086,102.73999786376953,105.03861236572266,323.7900085449219
2023-04-18,163.80047607421875,280.56182861328125,131.46621704101562,145.6873779296875,104.1993408203125,102.30000305175781,103.5815200805664,324.6300048828125
2023-04-19,164.94183349609375,280.63970947265625,131.2988739013672,147.06272888183594,103.86965942382812,104.30000305175781,103.26433563232422,323.0899963378906
2023-04-20,163.97755432128906,278.363037109375,130.91769409179688,148.01280212402344,103.04096984863281,103.80999755859375,104.36457824707031,323.82000732421875
2023-04-21,162.3737030029297,278.02252197265625,130.6666259765625,147.20753479003906,103.37065887451172,106.95999908447266,104.48352813720703,324.3299865722656
2023-04-24,162.67874145507812,274.1405334472656,130.8433074951172,148.10328674316406,105.3220443725586,106.20999908447266,105.03861236572266,326.04998779296875
2023-04-25,161.1437530517578,267.96246337890625,127.99830627441406,149.4605255126953,103.82508850097656,102.56999969482422,102.93724060058594,324.3399963378906
2023-04-26,161.13389587402344,287.3723449707031,125.72968292236328,147.14414978027344,102.87167358398438,104.9800033569336,102.79846954345703,320.5299987792969
2023-04-27,165.70938110351562,296.5761413574219,127.42183685302734,147.48802185058594,104.10132598876953,109.81999969482422,106.64434814453125,326.2300109863281
2023-04-28,166.958984375,298.9403381347656,128.52821350097656,148.1213836669922,105.4468002319336,105.44999694824219,106.39656066894531,328.54998779296875
2023-05-01,166.87039184570312,297.2864074707031,131.2803192138672,148.03094482421875,102.17665100097656,102.05000305175781,106.25779724121094,330.1700134277344
2023-05-02,165.8372344970703,297.1404724121094,129.1604461669922,149.32481384277344,98.10453796386719,103.62999725341797,104.3943099975586,325.8599853515625
2023-05-03,164.7647247314453,296.1577453613281,126.4270248413086,147.370361328125,96.17097473144531,103.6500015258789,104.48352813720703,323.2200012207031
2023-05-04,163.13134765625,297.1404724121094,124.69766998291016,146.7008056640625,94.48690032958984,104.0,103.76985168457031,320.0
2023-05-05,170.78662109375,302.23858642578125,127.13362121582031,147.19847106933594,96.83927917480469,105.66000366210938,104.6421127319336,323.8800048828125
2023-05-08,170.71775817871094,300.2926940917969,127.4404296875,146.86367797851562,97.22241973876953,105.83000183105469,106.82276153564453,326.1400146484375
2023-05-09,169.0154571533203,298.6873779296875,126.82678985595703,145.72357177734375,97.2491455078125,106.62000274658203,106.40646362304688,324.8699951171875
2023-05-10,170.7767333984375,303.85357666015625,126.89186096191406,146.26646423339844,96.00167083740234,110.19000244140625,110.76779174804688,322.989990234375
2023-05-11,170.96368408203125,301.71319580078125,126.49209594726562,145.6693115234375,94.2641372680664,112.18000030517578,115.5454330444336,322.6400146484375
2023-05-12,170.0375213623047,300.60406494140625,124.6791000366211,145.4792938232422,94.2552261352539,110.26000213623047,116.4771728515625,322.489990234375
2023-05-15,169.5448455810547,301.08074951171875,125.72968292236328,144.36631774902344,94.43497467041016,111.19999694824219,115.4859619140625,323.5299987792969
2023-05-16,169.5448455810547,303.2991027832031,124.88363647460938,144.17630004882812,92.14308166503906,113.4000015258789,118.4595947265625,323.75
2023-05-17,170.15573120117188,306.1657409667969,128.7235107421875,143.859619140625,94.21028137207031,115.5,119.77790832519531,327.3900146484375
2023-05-18,172.48110961914062,310.5729064941406,129.69969177246094,143.39813232421875,95.06411743164062,118.1500015258789,121.75040435791016,329.760009765625
2023-05-19,172.5894775390625,310.3974609375,129.40219116210938,143.78724670410156,95.50452423095703,116.25,121.6810302734375,330.3900146484375
2023-05-22,171.64361572265625,313.16656494140625,128.3329620361328,143.01231384277344,94.34510040283203,115.01000213623047,123.9509048461914,329.1300048828125
2023-05-23,169.0423126220703,307.3942565917969,126.99414825439453,142.9576416015625,95.63035583496094,114.98999786376953,121.48278045654297,323.1099853515625
2023-05-24,169.31822204589844,306.01947021484375,125.83194732666016,142.82089233398438,96.69989776611328,116.75,119.83737182617188,320.20001220703125
2023-05-25,170.4513397216797,317.7882995605469,126.1387710571289,140.76966857910156,94.96527862548828,115.0,122.39469146728516,319.0199890136719
2023-05-26,172.85552978515625,324.5844421386719,127.31957244873047,140.7149200439453,94.34510040283203,120.11000061035156,123.51477813720703,320.6000061035156
2023-05-30,174.69810485839844,322.9463195800781,127.80306243896484,140.733154296875,93.50923156738281,121.66000366210938,122.5830307006836,322.19000244140625
2023-05-31,174.64881896972656,320.1966857910156,126.17598724365234,141.36221313476562,91.83749389648438,120.58000183105469,121.79006958007812,321.0799865722656
2023-06-01,177.44712829589844,324.2821350097656,127.91461944580078,140.88815307617188,92.8980712890625,122.7699966430664,122.63257598876953,323.1199951171875
2023-06-02,178.29452514648438,327.0317687988281,130.60157775878906,143.10350036621094,95.0551528930664,124.25,123.5742416381836,329.4800109863281
2023-06-05,176.94464111328125,327.5582580566406,129.31851196289062,144.33424377441406,94.6327133178711,125.30000305175781,124.90247344970703,328.5799865722656
2023-06-06,176.5800323486328,325.3547058105469,129.55093383789062,144.2065887451172,95.4056625366211,126.61000061035156,126.1910400390625,333.4100036621094
2023-06-07,175.21044921875,315.3116760253906,130.80612182617188,144.5166015625,97.54476165771484,121.2300033569336,121.42330169677734,335.4200134277344
2023-06-08,177.92010498046875,317.144775390625,130.8433074951172,146.1028594970703,97.23918151855469,124.25,121.06646728515625,335.95001220703125
2023-06-09,178.30438232421875,318.6365661621094,131.10362243652344,145.8749542236328,96.52015686035156,123.43000030517578,121.15568542480469,335.2900085449219
2023-06-12,181.0928497314453,323.5704040527344,131.09434509277344,145.77464294433594,95.6483383178711,126.56999969482422,122.55329132080078,333.6000061035156
2023-06-13,180.61990356445312,325.94952392578125,132.04269409179688,146.5404815673828,95.66629791259766,126.66000366210938,122.74162292480469,336.3900146484375
2023-06-14,181.25048828125,328.9233703613281,131.5499267578125,147.28799438476562,94.515869140625,126.41999816894531,122.5830307006836,335.8999938964844
2023-06-15,183.2802734375,339.4149169921875,133.0374755859375,149.26632690429688,95.1719741821289,127.11000061035156,123.99054718017578,339.82000732421875
2023-06-16,182.2062530517578,333.788818359375,133.195556640625,149.72213745117188,94.48890686035156,125.48999786376953,122.44426727294922,338.30999755859375
2023-06-20,182.29493713378906,329.61566162109375,132.51683044433594,149.63101196289062,92.32283782958984,125.77999877929688,122.01803588867188,338.6700134277344
2023-06-21,181.2603759765625,325.2377014160156,132.3216094970703,149.40309143066406,93.3564453125,124.83000183105469,119.4904556274414,338.6099853515625
2023-06-22,184.25575256347656,331.2342224121094,129.7740936279297,150.98934936523438,92.84413146972656,130.14999389648438,122.0676040649414,336.9599914550781
2023-06-23,183.94044494628906,326.6612854003906,129.0953826904297,150.8616943359375,92.03523254394531,129.3300018310547,121.26472473144531,335.25
2023-06-26,182.5511474609375,320.4014587402344,129.41148376464844,149.1751708984375,93.73394775390625,127.33000183105469,117.29987335205078,334.1199951171875
2023-06-27,185.3001708984375,326.2224426269531,129.42080688476562,148.8651580810547,93.96761322021484,129.17999267578125,117.28996276855469,335.3399963378906
2023-06-28,186.4727020263672,327.4705810546875,128.85365295410156,148.56434631347656,94.73157501220703,129.0399932861328,119.12370300292969,334.1499938964844
2023-06-29,186.80772399902344,326.6905212402344,133.35360717773438,149.60362243652344,95.89998626708984,127.9000015258789,118.0531997680664,336.9100036621094
2023-06-30,191.12347412109375,332.0435485839844,135.222412109375,150.89820861816406,96.39432525634766,130.36000061035156,118.64791107177734,341.0
2023-07-03,189.63563537597656,329.55718994140625,136.31021118164062,148.91989135742188,96.58306121826172,130.22000122070312,118.84617614746094,342.0
2023-07-05,188.52218627929688,329.713134765625,135.40219116210938,148.42759704589844,96.08873748779297,130.3800048828125,120.6799087524414,341.55999755859375
2023-07-06,188.99514770507812,332.75537109375,134.06350708007812,147.32449340820312,92.50259399414062,128.36000061035156,119.05431365966797,341.4599914550781
2023-07-07,187.8817596435547,328.8064270019531,135.12132263183594,145.1820831298828,92.71831512451172,129.77999877929688,118.42986297607422,340.8999938964844
2023-07-10,185.8421173095703,323.55084228515625,135.8795928955078,145.41909790039062,94.09343719482422,127.12999725341797,115.4264907836914,341.1300048828125
2023-07-11,185.31985473632812,324.1749267578125,138.00460815429688,144.61683654785156,95.24388885498047,128.77999877929688,116.11042022705078,343.3699951171875
2023-07-12,186.98509216308594,328.786865234375,138.68797302246094,144.11544799804688,95.71124267578125,130.8000030517578,117.88469696044922,345.3500061035156
2023-07-13,187.74380493164062,334.11065673828125,139.36196899414062,144.7809600830078,93.95862579345703,134.3000030517578,123.44538879394531,343.5400085449219
2023-07-14,187.8916015625,336.626220703125,140.2045135498047,145.74729919433594,90.72300720214844,134.67999267578125,124.3176498413086,341.0899963378906
2023-07-17,191.14315795898438,337.1040344238281,143.583984375,145.01797485351562,91.11846160888672,133.55999755859375,123.55442810058594,344.25
2023-07-18,190.88697814941406,350.5206604003906,143.84609985351562,145.00885009765625,90.70503234863281,132.8300018310547,122.6722412109375,345.3399963378906
2023-07-19,192.2368621826172,346.22076416015625,144.39842224121094,144.71713256835938,91.33418273925781,135.36000061035156,120.95743560791016,342.42999267578125
2023-07-20,190.29579162597656,338.215576171875,146.1770477294922,153.50555419921875,92.94300842285156,129.9600067138672,118.15231323242188,346.6099853515625
2023-07-21,189.1232452392578,335.1929931640625,145.05368041992188,155.15567016601562,93.3744125366211,130.0,118.9651107788086,345.760009765625
2023-07-24,189.92135620117188,336.49951171875,147.90890502929688,155.96702575683594,94.83942413330078,128.8000030517578,120.46183013916016,349.6300048828125
2023-07-25,190.77859497070312,342.2231140136719,146.8042449951172,157.1613006591797,94.98321533203125,129.1300048828125,121.13585662841797,347.5799865722656
2023-07-26,191.6456756591797,329.34259033203125,147.68423461914062,157.46214294433594,94.45295715332031,128.14999389648438,128.13380432128906,349.79998779296875
2023-07-27,190.38446044921875,322.4685363769531,146.05535888671875,158.3464813232422,94.74954986572266,128.25,128.26266479492188,349.30999755859375
2023-07-28,192.95616149902344,329.9276428222656,146.88853454589844,159.066650390625,93.61709594726562,132.2100067138672,131.4147186279297,349.80999755859375
2023-07-31,193.56707763671875,327.538818359375,147.8714599609375,152.73062133789062,96.38533020019531,133.67999267578125,131.5535125732422,351.9599914550781
2023-08-01,192.7393798828125,327.9483337402344,147.14126586914062,153.97048950195312,95.82808685302734,131.69000244140625,130.3937530517578,352.260009765625
2023-08-02,189.7538604736328,319.328857421875,145.4749298095703,154.900390625,94.6327133178711,128.2100067138672,127.25163269042969,351.19000244140625
2023-08-03,188.36453247070312,318.5097961425781,146.3642578125,155.56588745117188,96.27749633789062,128.91000366210938,127.32100677490234,353.80999755859375
2023-08-04,179.31927490234375,319.6018371582031,146.05535888671875,154.10723876953125,96.54711151123047,139.57000732421875,126.98399353027344,349.989990234375
2023-08-07,176.225341796875,321.8737487792969,146.7480926513672,157.80862426757812,96.3493881225586,142.22000122070312,130.3739471435547,362.5799865722656
2023-08-08,177.16139221191406,317.9150695800781,145.92430114746094,157.88150024414062,96.82572174072266,139.94000244140625,130.24510192871094,363.7300109863281
2023-08-09,175.5750274658203,314.1903076171875,143.96780395507812,157.78121948242188,98.47051239013672,137.85000610351562,128.52037048339844,358.0199890136719
2023-08-10,175.3582763671875,314.87286376953125,143.75245666503906,156.9607391357422,98.97381591796875,138.55999755859375,128.55014038085938,356.9800109863281
2023-08-11,175.4174346923828,313.00079345703125,144.58563232421875,158.4923553466797,100.51075744628906,138.41000366210938,128.4212646484375,358.3500061035156
2023-08-14,177.06515502929688,315.95526123046875,144.88519287109375,158.11854553222656,100.59163665771484,140.57000732421875,130.1757049560547,358.4800109863281
2023-08-15,175.08201599121094,313.82958984375,141.19683837890625,157.6627197265625,98.00910949707031,137.6699981689453,128.63929748535156,354.5
2023-08-16,174.21372985839844,313.06744384765625,140.5977020263672,157.1613006591797,96.35990905761719,135.07000732421875,127.56880950927734,354.1099853515625
2023-08-17,171.6780242919922,309.62799072265625,139.13735961914062,158.63818359375,98.2265853881836,133.97999572753906,128.77809143066406,353.19000244140625
2023-08-18,172.16148376464844,309.2371520996094,139.4556121826172,157.2524871826172,99.7126693725586,133.22000122070312,126.33971405029297,352.55999755859375
2023-08-21,173.4934844970703,314.5135498046875,139.9330596923828,152.56654357910156,98.50748443603516,134.67999267578125,127.24170684814453,352.0899963378906
2023-08-22,174.8649139404297,315.0802917480469,137.0310516357422,151.35401916503906,97.95472717285156,134.25,127.94550323486328,350.57000732421875
2023-08-23,178.70303344726562,319.51641845703125,137.9578094482422,149.9956512451172,97.0938949584961,135.52000427246094,131.20657348632812,354.260009765625
2023-08-24,174.02630615234375,312.6473083496094,137.82675170898438,150.5061798095703,96.36897277832031,131.83999633789062,128.63929748535156,354.29998779296875
2023-08-25,176.2265167236328,315.5884704589844,137.6582489013672,152.6641387939453,98.09065246582031,133.25999450683594,128.73846435546875,355.92999267578125
2023-08-28,177.78546142578125,316.2919616699219,138.13565063476562,150.86427307128906,98.91526794433594,133.13999938964844,129.8585205078125,355.54998779296875
2023-08-29,181.6629638671875,320.8941955566406,139.25904846191406,150.88267517089844,99.5042495727539,134.91000366210938,133.38723754882812,358.2900085449219
2023-08-30,185.1458740234375,321.265380859375,138.69735717773438,150.35008239746094,100.47381591796875,135.07000732421875,134.6857147216797,361.05999755859375
2023-08-31,185.3629150390625,320.259033203125,136.98422241210938,148.46759033203125,100.7547378540039,138.00999450683594,134.97314453125,360.20001220703125
2023-09-01,186.93173217773438,321.1384582519531,137.44297790527344,147.36566162109375,102.86605834960938,138.1199951171875,134.4676513671875,362.4599914550781
2023-09-05,187.1685028076172,325.91644287109375,135.9263916015625,147.54931640625,102.8751449584961,137.27000427246094,134.57667541503906,360.4700012207031
2023-09-06,180.4691619873047,325.2618103027344,135.70172119140625,145.09750366210938,103.76315307617188,135.36000061035156,133.2781982421875,361.6700134277344
2023-09-07,175.1905517578125,322.3597106933594,134.5409393310547,146.95242309570312,103.25570678710938,137.85000610351562,134.07115173339844,361.79998779296875
2023-09-08,175.80226135253906,326.6200256347656,134.64389038085938,147.43911743164062,104.7599105834961,138.22999572753906,135.18133544921875,363.1499938964844
2023-09-11,176.9665069580078,330.2060852050781,135.23365783691406,149.36749267578125,103.44601440429688,143.10000610351562,135.71658325195312,365.5199890136719
2023-09-12,173.94735717773438,324.17724609375,136.99359130859375,150.21231079101562,106.4634780883789,141.22999572753906,134.15045166015625,367.7799987792969
2023-09-13,171.88525390625,328.36907958984375,137.05911254882812,150.58880615234375,105.51202392578125,144.85000610351562,135.50840759277344,367.82000732421875
2023-09-14,173.39480590820312,330.9486389160156,139.71774291992188,150.3592529296875,107.39681243896484,144.72000122070312,136.88621520996094,369.5
2023-09-15,172.67454528808594,322.6626892089844,139.30584716796875,148.25637817382812,105.74762725830078,140.38999938964844,136.1923370361328,367.8599853515625
2023-09-18,175.59507751464844,321.5292663574219,139.59600830078125,149.19305419921875,106.59939575195312,139.97999572753906,136.9952392578125,370.42999267578125
2023-09-19,176.68040466308594,321.12860107421875,139.41815185546875,148.94509887695312,106.31848907470703,137.6300048828125,136.8267059326172,370.4800109863281
2023-09-20,173.1481475830078,313.4289855957031,138.82843017578125,149.59707641601562,105.47577667236328,135.2899932861328,132.5645294189453,366.82000732421875
2023-09-21,171.60897827148438,312.21734619140625,137.74252319335938,148.44923400878906,103.98969268798828,129.3300018310547,129.29351806640625,363.2799987792969
2023-09-22,172.4574432373047,309.7550354003906,136.42254638671875,147.38401794433594,104.15279388427734,129.1199951171875,129.10519409179688,360.1600036621094
2023-09-25,173.7302703857422,310.2729187011719,137.09654235839844,147.1636199951172,105.32174682617188,131.27000427246094,129.95765686035156,361.7099914550781
2023-09-26,169.66525268554688,304.9964599609375,135.6736602783203,146.02496337890625,105.4848403930664,125.9800033569336,127.43997192382812,359.4200134277344
2023-09-27,168.15565490722656,305.63165283203125,136.4693603515625,144.2710418701172,108.91914367675781,125.9800033569336,129.39266967773438,357.7799987792969
2023-09-28,168.4122314453125,306.4621887207031,138.16375732421875,144.05984497070312,108.25765228271484,125.9800033569336,131.14707946777344,357.05999755859375
2023-09-29,168.92527770996094,308.5238952636719,135.75791931152344,143.02218627929688,106.5450439453125,127.12000274658203,129.70980834960938,350.29998779296875
2023-10-02,171.4313507080078,314.4353942871094,134.58775329589844,142.47122192382812,104.77803802490234,129.4600067138672,132.99075317382812,348.0799865722656
2023-10-03,170.09938049316406,306.2178955078125,133.59544372558594,142.64569091796875,104.95927429199219,124.72000122070312,131.2660369873047,343.0400085449219
2023-10-04,171.3425750732422,311.6604309082031,134.19456481933594,142.8109893798828,101.03562927246094,127.0,134.05136108398438,343.69000244140625
2023-10-05,172.57589721679688,312.0512390136719,134.7603759765625,144.29859924316406,98.76119995117188,125.95999908447266,133.88284301757812,345.05999755859375
2023-10-06,175.12149047851562,319.7704162597656,136.83506774902344,144.75772094726562,97.11202239990234,127.95999908447266,136.3707733154297,346.3399963378906
2023-10-09,176.6014862060547,322.27191162109375,136.52386474609375,145.5841827392578,100.51006317138672,128.25999450683594,137.20338439941406,345.45001220703125
2023-10-10,176.0094451904297,320.8746337890625,137.353759765625,145.41891479492188,100.08417510986328,129.47999572753906,136.84652709960938,348.55999755859375
2023-10-11,177.400634765625,324.8123779296875,137.8252410888672,143.41705322265625,96.4958267211914,131.8300018310547,139.31468200683594,348.42999267578125
2023-10-12,178.29849243164062,323.5812072753906,137.50460815429688,143.55477905273438,96.47771453857422,132.3300018310547,137.74855041503906,345.6600036621094
2023-10-13,176.46334838867188,320.2297058105469,139.5699005126953,144.0323028564453,99.5586166381836,129.7899932861328,136.1527099609375,345.0899963378906
2023-10-16,176.3350830078125,325.0273132324219,139.42845153808594,144.65672302246094,99.63111114501953,132.5500030517578,137.87744140625,346.2300109863281
2023-10-17,174.7860107421875,324.46063232421875,139.12667846679688,143.33441162109375,100.93596649169922,131.47000122070312,138.491943359375,345.3900146484375
2023-10-18,173.4934844970703,322.55523681640625,137.59893798828125,140.2489776611328,102.34956359863281,128.1300048828125,136.7474365234375,340.8900146484375
2023-10-19,173.1185760498047,323.7375793457031,137.01422119140625,139.8725128173828,102.41300201416016,128.39999389648438,136.539306640625,338.6600036621094
2023-10-20,170.572998046875,319.1939392089844,134.8075408935547,140.4969024658203,100.65505981445312,125.16999816894531,134.40817260742188,335.8599853515625
2023-10-23,170.6913604736328,321.7833251953125,132.96861267089844,139.01849365234375,99.17803955078125,126.55999755859375,135.30026245117188,336.8399963378906
2023-10-24,171.12551879882812,322.96563720703125,133.1289520263672,138.87156677246094,98.21752166748047,128.55999755859375,137.58993530273438,338.6300048828125
2023-10-25,168.81674194335938,332.8735656738281,132.4027862548828,139.18377685546875,98.39875030517578,121.38999938964844,124.50597381591797,336.8999938964844
2023-10-26,164.66293334960938,320.38604736328125,132.74227905273438,136.82379150390625,97.50166320800781,119.56999969482422,121.20523071289062,336.1600036621094
2023-10-27,165.97518920898438,322.2620544433594,127.9610595703125,133.70164489746094,95.64404296875,127.73999786376953,121.09620666503906,331.7099914550781
2023-10-30,168.0175323486328,329.5904235839844,129.59251403808594,135.01480102539062,95.94308471679688,132.7100067138672,123.36608123779297,337.4100036621094
2023-10-31,168.49114990234375,330.37213134765625,131.13912963867188,136.21774291992188,95.91590118408203,133.08999633789062,122.98942565917969,341.3299865722656
2023-11-01,171.64842224121094,338.1499938964844,131.0259552001953,136.53912353515625,95.7256088256836,137.0,125.33858489990234,343.75
2023-11-02,175.2003936767578,340.3485107421875,133.36468505859375,137.9624481201172,98.86994171142578,138.07000732421875,126.36945343017578,349.0199890136719
2023-11-03,174.29266357421875,344.7259216308594,134.8546905517578,138.9725799560547,97.6647720336914,138.60000610351562,127.96531677246094,351.80999755859375
2023-11-06,176.8382568359375,348.37054443359375,135.8731689453125,139.3031463623047,95.93402099609375,139.74000549316406,129.10519409179688,346.6300048828125
2023-11-07,179.39370727539062,352.279052734375,135.80715942382812,138.56854248046875,94.42980194091797,142.7100067138672,129.8188934326172,346.1700134277344
2023-11-08,180.4494171142578,354.8879699707031,136.47669982910156,138.0635223388672,93.26993560791016,142.0800018310547,130.6812286376953,346.29998779296875
2023-11-09,179.975830078125,352.4353942871094,136.07119750976562,135.37290954589844,93.29712677001953,140.60000610351562,129.09527587890625,348.17999267578125
2023-11-10,184.1548614501953,361.20989990234375,138.08929443359375,135.216796875,94.01298522949219,143.55999755859375,131.42462158203125,350.55999755859375
2023-11-13,182.57412719726562,358.2882995605469,137.47633361816406,135.5657501220703,95.00068664550781,142.58999633789062,130.92901611328125,350.010009765625
2023-11-14,185.18234252929688,361.79620361328125,139.9848175048828,135.59327697753906,95.36646270751953,145.8000030517578,132.445556640625,354.25
2023-11-15,185.74545288085938,361.94305419921875,141.21080017089844,136.64016723632812,94.7903823852539,143.1999969482422,133.43678283691406,356.7900085449219
2023-11-16,187.42501831054688,368.3071594238281,142.8233642578125,137.83387756347656,93.69305419921875,142.8300018310547,135.72647094726562,359.8599853515625
2023-11-17,187.40524291992188,362.1192626953125,144.11537170410156,137.54922485351562,95.97913360595703,145.17999267578125,134.1207275390625,358.92999267578125
2023-11-20,189.14401245117188,369.55059814453125,144.55853271484375,138.76182556152344,95.55850219726562,146.1300048828125,135.05245971679688,361.3299865722656
2023-11-21,188.3437957763672,365.27191162109375,144.25682067871094,139.88182067871094,95.52191925048828,143.89999389648438,135.76611328125,361.0
2023-11-22,189.00570678710938,369.9520263671875,144.59629821777344,139.6041717529297,95.11042785644531,146.7100067138672,137.27276611328125,361.79998779296875
2023-11-24,187.68186950683594,369.5408020019531,144.79434204101562,141.15921020507812,95.62250518798828,146.74000549316406,135.4886016845703,362.67999267578125
2023-11-27,187.50401306152344,370.6961364746094,144.46424865722656,140.0299072265625,95.06470489501953,147.72999572753906,135.2110595703125,361.3399963378906
2023-11-28,188.10665893554688,374.70062255859375,144.79434204101562,140.35391235351562,95.00984191894531,147.02999877929688,135.99411010742188,360.04998779296875
2023-11-29,187.08909606933594,370.93115234375,145.5299072265625,140.79820251464844,93.58332061767578,146.32000732421875,133.8035430908203,358.69000244140625
2023-11-30,187.66207885742188,370.9898986816406,147.18966674804688,143.15859985351562,93.9490966796875,146.08999633789062,131.36514282226562,360.0
2023-12-01,188.9365692138672,366.68182373046875,147.90635681152344,146.60194396972656,94.1777114868164,147.02999877929688,130.7010498046875,357.07000732421875
2023-12-04,187.14834594726562,361.42413330078125,148.99085998535156,147.0647735595703,93.66561126708984,144.83999633789062,128.13380432128906,356.6600036621094
2023-12-05,191.09030151367188,364.73345947265625,148.9720001220703,146.75930786132812,91.84590148925781,146.8800048828125,129.8386993408203,355.0299987792969
2023-12-06,190.0035400390625,361.09112548828125,147.4065704345703,144.97280883789062,90.62969207763672,144.52000427246094,128.87721252441406,352.3800048828125
2023-12-07,191.9300537109375,363.1962585449219,147.85922241210938,143.84352111816406,89.99872589111328,146.8800048828125,135.72647094726562,352.70001220703125
2023-12-08,193.3527374267578,366.4076843261719,149.4906768798828,142.9364471435547,91.03203582763672,147.4199981689453,133.8035430908203,353.0799865722656
2023-12-11,190.8531951904297,363.5389404296875,150.03762817382812,143.52882385253906,91.0960464477539,145.88999938964844,132.1184539794922,357.05999755859375
2023-12-12,192.36477661132812,366.5545654296875,151.37673950195312,143.53810119628906,89.66039276123047,147.47999572753906,131.35525512695312,360.0199890136719
2023-12-13,195.57559204101562,366.54473876953125,151.885986328125,144.2045440673828,90.45594787597656,148.83999633789062,131.40480041503906,362.0299987792969
2023-12-14,195.72381591796875,358.2811584472656,154.6490936279297,145.2042236328125,92.88834381103516,147.4199981689453,130.7803192138672,358.1199951171875
2023-12-15,195.19033813476562,362.98089599609375,155.81845092773438,143.62142944335938,92.26653289794922,149.97000122070312,131.43453979492188,356.5
2023-12-18,193.53054809570312,364.8607177734375,156.76150512695312,143.88058471679688,92.9523696899414,154.07000732421875,134.60641479492188,359.6499938964844
2023-12-19,194.56790161132812,365.4580078125,158.8550567626953,144.82473754882812,94.1777114868164,153.7899932861328,135.44894409179688,361.79998779296875
2023-12-20,192.48330688476562,362.8731384277344,157.06326293945312,141.87193298339844,92.60487365722656,152.1199951171875,137.12408447265625,355.3500061035156
2023-12-21,192.3351287841797,365.73211669921875,157.9591522216797,143.32516479492188,93.02552032470703,153.83999633789062,139.18580627441406,356.1400146484375
2023-12-22,191.2681427001953,366.7503662109375,157.86483764648438,143.8990936279297,93.19011688232422,153.4199981689453,140.2464141845703,356.4700012207031
2023-12-26,190.72474670410156,366.8287658691406,158.79849243164062,144.52854919433594,93.40042877197266,153.41000366210938,140.27613830566406,356.8299865722656
2023-12-27,190.8235626220703,366.2510986328125,159.75094604492188,144.72291564941406,92.96150970458984,153.33999633789062,139.13623046875,356.95001220703125
2023-12-28,191.2483673095703,367.4357604980469,160.59970092773438,144.93580627441406,91.61727142333984,153.3800048828125,138.99746704101562,357.57000732421875
2023-12-29,190.21102905273438,368.1798400878906,160.41107177734375,145.08389282226562,91.42526245117188,151.94000244140625,138.46224975585938,356.6600036621094
2024-01-02,183.4040069580078,363.1178894042969,162.27830505371094,148.07371520996094,93.60160064697266,149.92999267578125,136.95556640625,362.4599914550781
2024-01-03,182.03073120117188,362.8535461425781,161.57098388671875,148.99932861328125,94.3880386352539,148.47000122070312,137.69898986816406,366.75
2024-01-04,179.71896362304688,360.24920654296875,162.64320373535156,148.6846160888672,93.56502532958984,144.57000732421875,135.19122314453125,363.67999267578125
2024-01-05,178.99774169921875,360.06317138671875,163.45924377441406,149.14743041992188,93.84849548339844,145.24000549316406,134.53700256347656,365.5899963378906
2024-01-08,183.324951171875,366.85809326171875,163.22203063964844,149.51766967773438,92.28482055664062,149.10000610351562,137.61968994140625,368.17999267578125
2024-01-09,182.9100341796875,367.93505859375,161.93157958984375,149.61026000976562,91.14176940917969,151.3699951171875,139.71116638183594,366.8999938964844
2024-01-10,183.94741821289062,374.76922607421875,162.27316284179688,149.83241271972656,90.24563598632812,153.72999572753906,141.02944946289062,367.9200134277344
2024-01-11,183.35458374023438,376.59033203125,161.5900115966797,149.1659393310547,90.22734069824219,155.17999267578125,140.83119201660156,363.3399963378906
2024-01-12,183.68064880371094,380.35009765625,160.40391540527344,150.31375122070312,91.39781951904297,154.6199951171875,141.39622497558594,363.6199951171875
2024-01-16,181.41822814941406,382.1124572753906,159.39813232421875,148.5828094482422,89.33119201660156,153.16000366210938,141.23764038085938,361.1000061035156
2024-01-17,180.4796600341797,381.32916259765625,158.54417419433594,148.49948120117188,88.68196105957031,151.7100067138672,140.2265625,359.2900085449219
2024-01-18,186.3579864501953,385.63714599609375,158.85726928710938,149.22149658203125,88.51734161376953,153.5,142.2189178466797,362.3800048828125
2024-01-19,189.25271606445312,390.33685302734375,161.59950256347656,149.65652465820312,88.65449523925781,155.33999633789062,145.09339904785156,366.989990234375
2024-01-22,191.55465698242188,388.2220458984375,161.40969848632812,150.38780212402344,88.53563690185547,154.77999877929688,144.7068634033203,368.05999755859375
2024-01-23,192.8291015625,390.5619812011719,160.34698486328125,147.92559814453125,89.53237915039062,156.02000427246094,145.7476043701172,372.1400146484375
2024-01-24,192.15728759765625,394.1454772949219,161.77975463867188,147.1387939453125,91.0777587890625,156.8699951171875,147.39300537109375,376.5899963378906
2024-01-25,191.83126831054688,396.4072265625,164.094970703125,147.6941680908203,93.39128112792969,157.75,150.53515625,380.8500061035156
2024-01-26,190.1023406982422,395.4869079589844,163.4687042236328,147.63865661621094,94.18683624267578,159.1199951171875,150.85235595703125,385.3999938964844
2024-01-29,189.420654296875,401.1558532714844,163.89569091796875,147.50904846191406,94.30572509765625,161.25999450683594,152.16075134277344,383.17999267578125
2024-01-30,185.77511596679688,400.04949951171875,167.25466918945312,146.96295166015625,95.87855529785156,159.0,150.12875366210938,387.1499938964844
2024-01-31,182.17892456054688,389.2696228027344,165.44232177734375,147.08328247070312,94.01310729980469,155.1999969482422,138.86863708496094,383.739990234375
2024-02-01,184.60931396484375,395.3400573730469,164.8445587158203,146.58343505859375,93.62904357910156,159.27999877929688,139.91929626464844,386.44000244140625
2024-02-02,183.61151123046875,402.62451171875,165.79339599609375,144.96356201171875,93.2449722290039,171.80999755859375,141.12857055664062,390.75
2024-02-05,185.41944885253906,397.17095947265625,165.57518005371094,144.21377563476562,92.86091613769531,170.30999755859375,142.4171600341797,390.760009765625
2024-02-06,187.0199432373047,397.0142517089844,166.14451599121094,146.30577087402344,93.50102233886719,169.14999389648438,142.83346557617188,393.739990234375
2024-02-07,187.12860107421875,405.3953857421875,166.45762634277344,146.231689453125,93.47360229492188,170.52999877929688,144.2607879638672,397.6600036621094
2024-02-08,186.05174255371094,405.4540710449219,165.8598175048828,144.76918029785156,95.07384490966797,169.83999633789062,144.6275634765625,397.489990234375
2024-02-09,186.81341552734375,411.7595520019531,166.05909729003906,145.10243225097656,93.06209564208984,174.4499969482422,147.6903839111328,398.3599853515625
2024-02-12,185.13174438476562,406.5801086425781,166.79917907714844,146.11135864257812,94.34230041503906,172.33999633789062,146.23333740234375,397.7099914550781
2024-02-13,183.0445098876953,397.8269958496094,165.34744262695312,144.833984375,93.53011322021484,168.63999938964844,143.86431884765625,394.79998779296875
2024-02-14,182.1641082763672,401.672119140625,167.0269317626953,144.1582794189453,93.06864929199219,170.97999572753906,144.65728759765625,398.67999267578125
2024-02-15,181.8772430419922,398.7980651855469,170.67051696777344,146.17616271972656,95.7359390258789,169.8000030517578,141.51515197753906,403.45001220703125
2024-02-16,180.34397888183594,396.34576416015625,169.8734893798828,146.00827026367188,95.7359390258789,169.50999450683594,139.28494262695312,405.989990234375
2024-02-20,179.60203552246094,395.1000061035156,170.53770446777344,147.23007202148438,94.8314437866211,167.0800018310547,139.879638671875,407.1499938964844
2024-02-21,180.35386657714844,394.5016784667969,171.64785766601562,147.99485778808594,96.76962280273438,168.58999633789062,141.2970733642578,409.25
2024-02-22,182.38174438476562,403.79083251953125,173.70689392089844,149.64564514160156,96.68655395507812,174.5800018310547,142.8235626220703,415.1600036621094
2024-02-23,180.55169677734375,402.5058898925781,174.57981872558594,150.94204711914062,95.83744812011719,174.99000549316406,142.69473266601562,417.2200012207031
2024-02-26,179.2063751220703,399.7593688964844,173.98204040527344,149.96275329589844,96.21585845947266,174.72999572753906,136.36087036132812,409.1400146484375
2024-02-27,180.66050720214844,399.7005310058594,174.06739807128906,150.1399688720703,96.01280212402344,173.5399932861328,137.65936279296875,408.9100036621094
2024-02-28,179.4635467529297,399.9359130859375,174.9498748779297,150.67156982421875,96.28045654296875,173.16000366210938,135.18133544921875,412.1400146484375
2024-02-29,178.80078125,405.7428894042969,176.5439453125,150.5130157470703,96.46504974365234,176.75999450683594,137.2430419921875,409.3999938964844
2024-03-01,177.72251892089844,407.5674133300781,175.8133087158203,151.20318603515625,97.68330383300781,178.22000122070312,135.93466186523438,407.1099853515625
2024-03-04,173.21173095703125,406.9984436035156,177.13221740722656,149.07672119140625,96.3173828125,177.5800018310547,132.17796325683594,403.3900146484375
2024-03-05,168.28541564941406,394.9626770019531,178.90660095214844,149.19798278808594,97.49872589111328,174.1199951171875,131.5039520263672,400.739990234375
2024-03-06,167.29620361328125,394.4134216308594,179.83645629882812,148.6103973388672,98.54164123535156,173.50999450683594,130.24510192871094,403.9599914550781
2024-03-07,167.177490234375,401.3287658691406,178.26138305664062,148.1720733642578,99.09540557861328,176.82000732421875,133.1988983154297,402.3900146484375
2024-03-08,168.88885498046875,398.46453857421875,178.59347534179688,148.77828979492188,100.02757263183594,175.35000610351562,134.21983337402344,403.1499938964844
2024-03-11,170.88702392578125,396.7969665527344,178.6598663330078,150.3731231689453,100.61823272705078,171.9600067138672,136.45997619628906,404.760009765625
2024-03-12,171.36187744140625,407.3515319824219,180.1305694580078,151.7814483642578,99.9721908569336,175.38999938964844,137.28269958496094,404.9800109863281
2024-03-13,169.28453063964844,407.17498779296875,181.5918426513672,150.25189208984375,101.08894348144531,176.55999755859375,138.56130981445312,408.1300048828125
2024-03-14,171.1343536376953,417.10174560546875,178.3562469482422,148.48916625976562,102.87944030761719,178.75,141.84226989746094,406.7300109863281
2024-03-15,170.75848388671875,408.4697570800781,180.5670928955078,147.5285186767578,102.69485473632812,174.4199981689453,139.93911743164062,408.1300048828125
2024-03-18,171.84658813476562,409.3526611328125,182.806396484375,146.20413208007812,103.64546203613281,174.47999572753906,146.38198852539062,408.4100036621094
2024-03-19,174.18113708496094,413.3645324707031,183.87857055664062,145.691162109375,104.37458801269531,175.89999389648438,145.7377166748047,411.760009765625
2024-03-20,176.7432098388672,417.1116027832031,186.28868103027344,145.27145385742188,104.28230285644531,178.14999389648438,147.43264770507812,416.1099853515625
2024-03-21,169.52194213867188,421.1725769042969,188.87905883789062,145.26214599609375,104.74376678466797,178.14999389648438,146.30270385742188,413.7799987792969
2024-03-22,170.42213439941406,420.5545959472656,186.56385803222656,144.77713012695312,104.74376678466797,178.8699951171875,149.44482421875,411.6000061035156
2024-03-25,169.00755310058594,414.786865234375,184.8559112548828,144.76780700683594,105.81436157226562,179.7100067138672,148.75099182128906,409.9200134277344
2024-03-26,167.8798370361328,413.5999755859375,185.7193603515625,145.28079223632812,105.0206527709961,178.3000030517578,149.345703125,411.57000732421875
2024-03-27,171.44100952148438,413.3841247558594,189.31553649902344,147.32334899902344,106.10971069335938,179.8300018310547,149.5439453125,416.92999267578125
2024-03-28,169.6307373046875,412.68768310546875,190.0556182861328,147.537841796875,107.2818374633789,180.3800048828125,149.60342407226562,420.5199890136719
2024-04-01,168.19638061523438,416.46417236328125,188.7652130126953,147.15545654296875,107.9740219116211,180.97000122070312,154.12335205078125,420.20001220703125
2024-04-02,167.01922607421875,413.3939514160156,188.6892852783203,147.10879516601562,110.0875473022461,180.69000244140625,153.20152282714844,418.9200134277344
2024-04-03,167.8204803466797,412.42291259765625,188.15792846679688,143.87245178222656,110.10601043701172,182.41000366210938,153.55836486816406,420.239990234375
2024-04-04,166.99945068359375,409.9019775390625,186.726318359375,142.23095703125,110.4936294555664,180.0,149.20693969726562,415.32000732421875
2024-04-05,167.75123596191406,417.39605712890625,188.44422912597656,142.12838745117188,112.0164794921875,185.07000732421875,151.15963745117188,418.6199951171875
2024-04-08,166.63340759277344,416.4838562011719,189.42726135253906,141.38226318359375,111.25965881347656,185.19000244140625,153.48898315429688,415.9700012207031
2024-04-09,167.8402557373047,418.1415710449219,188.1579132080078,142.03512573242188,111.84112548828125,185.6699981689453,155.2236328125,414.69000244140625
2024-04-10,165.97064208984375,415.17919921875,186.55455017089844,140.08587646484375,112.78250885009766,185.9499969482422,154.76766967773438,409.1099853515625
2024-04-11,173.15235900878906,419.760009765625,186.51638793945312,138.77081298828125,112.40411376953125,189.0500030517578,158.0089111328125,407.6099853515625
2024-04-12,174.64605712890625,413.8451232910156,174.45289611816406,137.58631896972656,111.09355163574219,186.1300048828125,156.34368896484375,403.260009765625
2024-04-15,170.8277130126953,405.7428894042969,174.54832458496094,137.651611328125,110.45672607421875,183.6199951171875,153.49888610839844,400.260009765625
2024-04-16,167.5533905029297,406.6649475097656,172.55364990234375,134.72305297851562,109.54302215576172,183.32000732421875,153.0429229736328,396.9200134277344
2024-04-17,166.1882781982422,403.97723388671875,171.86648559570312,135.0215301513672,109.48764038085938,181.27999877929688,154.103515625,397.739990234375
2024-04-18,165.2385711669922,396.5517272949219,172.98313903808594,135.92617797851562,109.38611602783203,179.22000122070312,154.63877868652344,399.8900146484375
2024-04-19,163.2206268310547,391.5000915527344,177.3256072998047,137.9500732421875,110.64130401611328,174.6300048828125,152.73565673828125,405.0799865722656
2024-04-22,164.0515594482422,393.3049621582031,180.77093505859375,139.0785675048828,111.26890563964844,177.22999572753906,154.90643310546875,408.7799987792969
2024-04-23,165.10012817382812,399.7887268066406,183.37643432617188,139.48895263671875,111.70267486572266,179.5399932861328,156.86900329589844,408.739990234375
2024-04-24,167.197265625,401.25030517578125,184.27357482910156,138.52830505371094,111.72115325927734,176.58999633789062,157.7313690185547,405.95001220703125
2024-04-25,168.0579071044922,391.4216613769531,184.55032348632812,136.9334716796875,111.97955322265625,173.6699981689453,154.62887573242188,404.9100036621094
2024-04-26,167.47425842285156,398.5626525878906,184.6648712158203,136.2992401123047,108.86927795410156,179.6199951171875,170.4386749267578,402.1000061035156
2024-04-29,171.6289520263672,394.5703125,184.4644317626953,136.9334716796875,110.41980743408203,180.9600067138672,164.68963623046875,400.9599914550781
2024-04-30,168.49314880371094,381.89697265625,182.9947052001953,134.85362243652344,109.15538024902344,175.0,161.34927368164062,396.7300109863281
2024-05-01,167.47425842285156,387.3998107910156,183.10919189453125,140.99986267089844,107.08802795410156,179.0,162.41978454589844,398.5799865722656
2024-05-02,171.1640167236328,390.2445983886719,182.9183349609375,139.82470703125,107.2818374633789,184.72000122070312,165.15553283691406,400.6000061035156
2024-05-03,181.40240478515625,398.8961181640625,181.8207550048828,139.21849060058594,107.06031799316406,186.2100067138672,165.7700958251953,400.8699951171875
2024-05-06,179.7504425048828,405.6448059082031,183.2428436279297,138.57493591308594,107.75253295898438,188.6999969482422,166.62252807617188,404.9200134277344
2024-05-07,180.4329833984375,401.5249938964844,183.00421142578125,138.7055206298828,107.21723175048828,188.75999450683594,169.74481201171875,406.1400146484375
2024-05-08,180.7693328857422,402.7020568847656,186.726318359375,138.92002868652344,107.19876861572266,188.0,167.8912811279297,406.3699951171875
2024-05-09,182.57957458496094,404.4480285644531,188.491943359375,139.75942993164062,109.31229400634766,189.5,168.4661865234375,408.82000732421875
2024-05-10,181.32154846191406,406.82183837890625,189.7040557861328,139.81539916992188,108.86927795410156,187.47999572753906,167.1676788330078,412.04998779296875
2024-05-13,184.5210723876953,405.82135009765625,189.66586303710938,141.0371856689453,108.8231201171875,186.57000732421875,167.6533660888672,411.2200012207031
2024-05-14,185.6602020263672,408.6070861816406,192.31903076171875,141.18641662597656,109.48372650146484,187.07000732421875,168.84283447265625,410.239990234375
2024-05-15,187.92860412597656,415.7511901855469,192.89170837402344,142.38954162597656,110.33042907714844,185.99000549316406,170.99374389648438,412.760009765625
2024-05-16,188.04747009277344,413.6974182128906,193.2352752685547,143.89112854003906,109.66981506347656,183.6300048828125,172.64907836914062,413.1199951171875
2024-05-17,188.07717895507812,412.9309387207031,195.44943237304688,144.2268829345703,111.31668853759766,184.6999969482422,174.51254272460938,416.94000244140625
2024-05-20,189.2361297607422,417.9720458984375,186.65951538085938,142.22425842285156,110.41416931152344,183.5399932861328,175.364990234375,413.0
2024-05-21,190.53375244140625,421.60797119140625,190.4198455810547,142.196044921875,109.65120697021484,183.14999389648438,176.28683471679688,414.3699951171875
2024-05-22,189.0974578857422,423.06231689453125,189.26502990722656,144.32089233398438,107.44610595703125,183.1300048828125,174.82974243164062,413.989990234375
2024-05-23,185.1154022216797,419.603271484375,187.93841552734375,140.74815368652344,105.61314392089844,181.0500030517578,172.024658203125,405.8800048828125
2024-05-24,188.18612670898438,422.70855712890625,191.55557250976562,138.18141174316406,105.52940368652344,180.75,173.4519500732422,407.4100036621094
2024-05-28,188.19607543945312,422.8658142089844,190.4007568359375,135.74624633789062,106.86922454833984,182.14999389648438,174.84957885742188,403.8999938964844
2024-05-29,188.49319458007812,421.7357482910156,189.0741424560547,135.8026885986328,105.72480010986328,182.02000427246094,174.3539581298828,404.0899963378906
2024-05-30,189.48377990722656,407.4869079589844,190.23849487304688,136.5924530029297,106.05975341796875,179.32000732421875,170.59727478027344,408.6099853515625
2024-05-31,190.43472290039062,407.93890380859375,193.38795471191406,137.89932250976562,109.10226440429688,176.44000244140625,170.98385620117188,414.3999938964844
2024-06-03,192.19789123535156,406.35675048828125,192.6149444580078,138.9053497314453,106.48775482177734,178.33999633789062,171.64796447753906,414.7900085449219
2024-06-04,192.51487731933594,408.86260986328125,190.07623291015625,138.9617462158203,104.83158111572266,179.33999633789062,172.2625274658203,409.5299987792969
2024-06-05,194.0205078125,416.66510009765625,188.26287841796875,137.24118041992188,105.25027465820312,181.27999877929688,173.86827087402344,409.8500061035156
2024-06-06,192.64366149902344,417.1662292480469,187.92889404296875,137.6642608642578,106.0411376953125,185.0,175.17666625976562,411.0799865722656
2024-06-07,195.0308837890625,416.5078125,190.8302001953125,138.28482055664062,104.9060287475586,184.3000030517578,172.9266357421875,413.7200012207031
2024-06-10,191.29647827148438,420.458251953125,190.50575256347656,138.3318328857422,105.21305084228516,187.05999755859375,173.67086791992188,410.80999755859375
2024-06-11,205.19403076171875,425.18487548828125,185.4951934814453,137.9839324951172,104.36637115478516,187.22999572753906,175.26853942871094,408.5
2024-06-12,211.0581512451172,433.41973876953125,182.79425048828125,136.7146759033203,103.21263885498047,186.88999938964844,176.42959594726562,408.7699890136719
2024-06-13,212.21707153320312,433.93072509765625,184.8271026611328,136.75228881835938,102.38455200195312,183.8300018310547,173.81973266601562,405.9200134277344
2024-06-14,210.4835662841797,434.9035949707031,184.94161987304688,136.83688354492188,101.51925659179688,183.66000366210938,175.437255859375,405.5400085449219
2024-06-17,214.62413024902344,440.6031188964844,186.0868682861328,137.22238159179688,100.8214340209961,184.05999755859375,175.8838348388672,407.32000732421875
2024-06-18,212.26658630371094,438.6082763671875,188.01475524902344,136.9403076171875,101.77045440673828,182.80999755859375,173.7502899169922,407.95001220703125
2024-06-20,207.70010375976562,437.9793701171875,189.60858154296875,138.94296264648438,103.96627044677734,186.10000610351562,174.95101928710938,409.1499938964844
2024-06-21,205.53082275390625,441.98870849609375,187.34669494628906,139.85494995117188,103.05445861816406,189.0800018310547,178.2555389404297,409.6199951171875
2024-06-24,206.17466735839844,439.9152526855469,189.80902099609375,140.2028045654297,106.1155776977539,185.57000732421875,177.84866333007812,413.9800109863281
2024-06-25,207.0959014892578,443.13848876953125,189.03594970703125,138.38824462890625,106.4133071899414,186.33999633789062,182.6218719482422,410.9700012207031
2024-06-26,211.23641967773438,444.3275146484375,188.42514038085938,138.0403594970703,106.4505386352539,193.61000061035156,182.47303771972656,410.260009765625
2024-06-27,212.07839965820312,445.00555419921875,190.08578491210938,137.08132934570312,106.90644073486328,197.85000610351562,183.99130249023438,407.95001220703125
2024-06-28,208.63125610351562,439.207763671875,193.03485107421875,137.41981506347656,107.11113739013672,193.25,180.75624084472656,406.79998779296875
2024-07-01,214.703369140625,448.8183288574219,196.07936096191406,137.68309020996094,106.96226501464844,197.1999969482422,181.58982849121094,405.19000244140625
2024-07-02,218.19015502929688,451.3241271972656,199.30519104003906,137.29759216308594,106.23653411865234,200.0,183.82260131835938,407.1000061035156
2024-07-03,219.4580535888672,452.788330078125,199.1715850830078,136.97792053222656,106.77619171142578,197.58999633789062,184.398193359375,405.7699890136719
2024-07-05,224.2028350830078,459.460693359375,196.53245544433594,137.720703125,105.4828872680664,200.0,189.14161682128906,411.1700134277344
2024-07-08,225.66885375976562,458.16351318359375,196.8971405029297,136.78048706054688,104.37567138671875,199.2899932861328,187.58360290527344,409.0799865722656
2024-07-09,226.5207061767578,451.57965087890625,199.25796508789062,138.256591796875,103.22193908691406,199.33999633789062,187.53399658203125,410.5199890136719
2024-07-10,230.78013610839844,458.17340087890625,199.42108154296875,140.4942626953125,104.13375854492188,199.7899932861328,189.71713256835938,413.7900085449219
2024-07-11,225.42120361328125,446.823486328125,199.08518981933594,140.74815368652344,105.3712387084961,195.0500030517578,184.1500701904297,418.7799987792969
2024-07-12,228.36312866210938,445.693359375,196.67642211914062,140.9173583984375,105.38983917236328,194.49000549316406,183.65390014648438,424.44000244140625
2024-07-15,232.18670654296875,446.0962829589844,201.5803680419922,140.31565856933594,107.19486999511719,192.72000122070312,185.10272216796875,434.4200134277344
2024-07-16,232.6027374267578,441.73321533203125,205.00640869140625,141.97979736328125,107.96712493896484,193.02000427246094,182.51271057128906,438.8999938964844
2024-07-17,226.71885681152344,435.8371276855469,208.12538146972656,147.2167205810547,109.4558334350586,187.92999267578125,179.63487243652344,445.6099853515625
2024-07-18,222.0631866455078,432.74163818359375,201.51318359375,146.12606811523438,110.53512573242188,183.75,176.33038330078125,441.82000732421875
2024-07-19,222.19198608398438,429.5381774902344,201.32125854492188,145.43972778320312,107.99504852294922,183.1300048828125,176.3006134033203,434.4700012207031
2024-07-22,221.8452911376953,435.26715087890625,201.80108642578125,145.0166778564453,107.2507095336914,182.5500030517578,180.2799072265625,435.9800109863281
2024-07-23,222.88539123535156,437.14410400390625,201.84909057617188,143.2397003173828,105.52011108398438,186.41000366210938,180.39898681640625,434.010009765625
2024-07-24,216.47645568847656,421.4703674316406,200.1792449951172,146.9346466064453,107.0087890625,180.8300018310547,171.30909729003906,432.79998779296875
2024-07-25,215.43638610839844,411.15228271484375,200.2560272216797,150.09375,109.26044464111328,179.85000610351562,166.00001525878906,433.2900085449219
2024-07-26,215.9019317626953,417.9032287597656,203.68206787109375,151.03392028808594,109.1673812866211,182.5,165.72215270996094,437.6600036621094
2024-07-29,216.17930603027344,419.3379821777344,202.34812927246094,149.07833862304688,108.02294921875,183.1999969482422,168.23281860351562,438.30999755859375
2024-07-30,216.7340087890625,415.5939636230469,206.51312255859375,151.68264770507812,109.94894409179688,181.7100067138672,168.98696899414062,441.260009765625
2024-07-31,219.98304748535156,411.1031494140625,204.219482421875,148.4107666015625,110.3397216796875,186.97999572753906,170.22743225097656,438.5
2024-08-01,216.29818725585938,409.8846130371094,199.57467651367188,151.14674377441406,108.8138198852539,184.07000732421875,169.45339965820312,431.80999755859375
2024-08-02,217.7840118408203,401.4139404296875,191.1102752685547,154.32464599609375,108.74868774414062,167.89999389648438,165.38479614257812,428.3599853515625
2024-08-05,207.2939910888672,388.3049621582031,187.04122924804688,151.60743713378906,106.78548431396484,161.02000427246094,158.03146362304688,413.7200012207031
2024-08-06,205.2732391357422,392.687744140625,192.26190185546875,149.4637908935547,106.21793365478516,161.92999267578125,157.0788116455078,422.1400146484375
2024-08-07,207.8388214111328,391.5282287597656,192.31947326660156,149.39797973632812,107.6321792602539,162.77000427246094,157.72384643554688,427.0199890136719
2024-08-08,211.29583740234375,395.7143859863281,195.83189392089844,150.63906860351562,109.68842315673828,165.8000030517578,160.79017639160156,431.5400085449219
2024-08-09,214.19821166992188,398.9867248535156,197.50172424316406,151.01513671875,110.58162689208984,166.94000244140625,162.41763305664062,431.6700134277344
2024-08-12,215.72540283203125,399.7630310058594,197.8760223388672,150.3193817138672,110.72119903564453,166.8000030517578,161.0482177734375,430.3900146484375
2024-08-13,219.4344024658203,406.83831787109375,199.55545043945312,148.91848754882812,109.66050720214844,170.22999572753906,162.90390014648438,432.4100036621094
2024-08-14,219.88064575195312,409.6389465332031,201.76271057128906,149.00311279296875,110.6746826171875,170.10000610351562,159.1428985595703,438.4700012207031
2024-08-15,222.8557891845703,414.4823913574219,203.01988220214844,149.57662963867188,111.35936737060547,177.58999633789062,160.06578063964844,440.8399963378906
2024-08-16,224.1747283935547,411.96221923828125,205.34228515625,149.85870361328125,110.8341293334961,177.05999755859375,161.7130889892578,444.510009765625
2024-08-19,224.0160675048828,414.974609375,206.7626495361328,150.0843505859375,111.17178344726562,178.22000122070312,165.3946990966797,448.7699890136719
2024-08-20,224.63092041015625,418.19378662109375,205.87013244628906,150.58262634277344,107.46698760986328,178.8800048828125,165.90077209472656,448.3599853515625
2024-08-21,224.52183532714844,417.5440673828125,205.94691467285156,151.7766876220703,106.78231048583984,180.11000061035156,164.58096313476562,446.6000061035156
2024-08-22,222.66734313964844,409.087646484375,207.89505004882812,152.6416778564453,107.6076889038086,176.1300048828125,162.54664611816406,449.0299987792969
2024-08-23,224.9581756591797,410.3083801269531,209.50730895996094,154.3152313232422,109.0989761352539,177.0399932861328,164.3527069091797,453.3800048828125
2024-08-26,225.29534912109375,407.0596923828125,210.3326416015625,154.76657104492188,111.43439483642578,175.5,164.88861083984375,454.489990234375
2024-08-27,226.1383056640625,407.40423583984375,211.30191040039062,154.36865234375,110.37454223632812,173.1199951171875,163.41990661621094,460.6300048828125
2024-08-28,224.61109924316406,404.214599609375,212.36717224121094,155.28756713867188,109.28656768798828,170.8000030517578,161.6039276123047,464.5899963378906
2024-08-29,227.88372802734375,406.6954345703125,213.25006103515625,155.5812530517578,110.7966079711914,172.1199951171875,160.54209899902344,468.3699951171875
2024-08-30,227.10025024414062,410.6529541015625,215.73562622070312,157.1254119873047,110.61841583251953,178.5,162.12989807128906,475.9200134277344
2024-09-03,220.92193603515625,403.0726623535156,211.41708374023438,158.35696411132812,108.30175018310547,176.25,156.15589904785156,476.8299865722656
2024-09-04,219.0178680419922,402.5410461425781,210.4861602783203,158.54641723632812,106.9792709350586,173.3300018310547,155.25286865234375,478.57000732421875
2024-09-05,220.53517150878906,402.03900146484375,208.85475158691406,156.30120849609375,106.14451599121094,177.88999938964844,156.036865234375,464.9200134277344
2024-09-06,218.9881134033203,395.4530029296875,203.89321899414062,155.72335815429688,105.64743041992188,171.38999938964844,149.7652130126953,459.4200134277344
2024-09-09,219.07737731933594,399.4105529785156,208.06781005859375,157.83590698242188,107.87030029296875,175.39999389648438,147.76795959472656,459.6099853515625
2024-09-10,218.2840118408203,407.7586669921875,197.2714080810547,158.5653533935547,103.94041442871094,179.5500030517578,147.71826171875,458.9200134277344
2024-09-11,220.81289672851562,416.4611511230469,198.87408447265625,156.1401824951172,102.90870666503906,184.52000427246094,150.20242309570312,453.1000061035156
2024-09-12,220.92193603515625,420.3595886230469,198.2694854736328,155.96966552734375,104.32495880126953,187.0,153.71006774902344,450.8699951171875
2024-09-13,220.6541748046875,423.89373779296875,196.08143615722656,156.80331420898438,104.24992370605469,186.49000549316406,156.4625244140625,447.6099853515625
2024-09-16,214.52545166015625,424.6320495605469,199.4786834716797,158.1958770751953,105.71308898925781,184.88999938964844,157.05870056152344,451.7799987792969
2024-09-17,214.9915313720703,428.3828430175781,200.8126220703125,158.27169799804688,107.09182739257812,186.8800048828125,158.3107452392578,456.67999267578125
2024-09-18,218.85922241210938,424.1103515625,199.16195678710938,157.40013122558594,107.46698760986328,186.42999267578125,158.79762268066406,456.6000061035156
2024-09-19,226.97134399414062,431.8678283691406,201.99302673339844,156.1401824951172,108.79883575439453,189.8699951171875,161.1128692626953,459.7099914550781
2024-09-20,226.30691528320312,428.5009765625,202.5784149169922,155.51492309570312,108.11416625976562,191.60000610351562,162.5536651611328,455.30999755859375
2024-09-23,224.59124755859375,426.7684020996094,202.91433715820312,154.6244354248047,110.07441711425781,193.8800048828125,160.82469177246094,454.9800109863281
2024-09-24,225.4837646484375,422.4958190917969,203.0582733154297,154.20761108398438,109.7836685180664,193.9600067138672,161.2619171142578,454.55999755859375
2024-09-25,224.4920654296875,425.3901062011719,201.7147216796875,152.1424102783203,107.64519500732422,192.52999877929688,160.4669952392578,452.3599853515625
2024-09-26,225.63253784179688,424.6025085449219,201.32125854492188,152.8908233642578,105.79749298095703,191.16000366210938,161.69912719726562,454.17999267578125
2024-09-27,225.90029907226562,421.3637390136719,202.01226806640625,152.90028381347656,108.63002014160156,187.97000122070312,162.91139221191406,457.4700012207031
2024-09-30,231.0670623779297,423.6082763671875,202.3577117919922,153.52552795410156,109.94309997558594,186.3300018310547,164.79934692382812,460.260009765625
2024-10-01,224.33340454101562,414.147705078125,198.69174194335938,153.45921325683594,112.48486328125,185.1300048828125,165.93214416503906,457.4100036621094
2024-10-02,224.89866638183594,410.64306640625,198.93165588378906,152.68238830566406,113.97616577148438,184.75999450683594,164.80929565429688,456.6700134277344
2024-10-03,223.79788208007812,410.062255859375,196.95472717285156,152.04766845703125,114.97036743164062,181.9600067138672,164.80929565429688,452.9599914550781
2024-10-04,224.91848754882812,409.5897521972656,203.94537353515625,151.84873962402344,117.0806884765625,186.50999450683594,166.00169372558594,461.9700012207031
2024-10-07,219.85092163085938,403.1711120605469,203.66534423828125,151.12876892089844,117.58716583251953,180.8000030517578,161.94752502441406,453.5
2024-10-08,223.89706420898438,408.2607116699219,203.49154663085938,151.2803192138672,114.46388244628906,182.72000122070312,163.33868408203125,453.79998779296875
2024-10-09,227.6357879638672,410.96795654296875,206.06961059570312,152.1897735595703,114.51077270507812,185.1699981689453,160.8346405029297,455.8999938964844
2024-10-10,227.13995361328125,409.3731384277344,205.50958251953125,152.05715942382812,115.49560546875,186.64999389648438,161.05323791503906,454.92999267578125
2024-10-11,225.6623077392578,409.8456726074219,214.6341094970703,152.95712280273438,115.9364242553711,188.82000732421875,162.2058868408203,460.2099914550781
2024-10-14,229.38121032714844,412.621826171875,213.8520050048828,153.08975219726562,116.37724304199219,187.5399932861328,163.91500854492188,459.9800109863281
2024-10-15,231.91004943847656,412.22802734375,214.7306671142578,155.45811462402344,112.8788070678711,187.69000244140625,164.41183471679688,462.67999267578125
2024-10-16,229.85720825195312,409.64874267578125,215.9376220703125,155.62860107421875,113.16954803466797,186.88999938964844,164.11373901367188,465.69000244140625
2024-10-17,230.22412109375,410.23944091796875,216.6907501220703,155.80862426757812,112.8788070678711,187.52999877929688,161.89784240722656,465.8500061035156
2024-10-18,233.05047607421875,411.65704345703125,217.6080322265625,156.4243621826172,112.55992889404297,188.99000549316406,162.384765625,464.79998779296875
2024-10-21,234.51820373535156,412.26739501953125,215.3196563720703,154.25497436523438,112.62555694580078,189.07000732421875,163.0306396484375,464.1600036621094
2024-10-22,233.90335083007812,420.8616638183594,216.40106201171875,154.84231567382812,113.20706939697266,189.6999969482422,164.09385681152344,461.45001220703125
2024-10-23,228.8456573486328,417.9969177246094,215.7155303955078,157.1254119873047,112.80374908447266,184.7100067138672,161.74879455566406,460.6099853515625
2024-10-24,228.6572723388672,418.1248779296875,217.23146057128906,155.0507354736328,112.16597747802734,186.3800048828125,161.68917846679688,457.7699890136719
2024-10-25,229.4902801513672,421.49169921875,214.65342712402344,152.4076690673828,112.07217407226562,187.8300018310547,164.22303771972656,454.010009765625
2024-10-28,231.46377563476562,419.9559631347656,217.73355102539062,153.08975219726562,111.5188217163086,188.38999938964844,165.66384887695312,458.489990234375
2024-10-29,231.73155212402344,425.232666015625,215.2230987548828,151.6592559814453,109.99938201904297,190.8300018310547,168.60508728027344,454.6199951171875
2024-10-30,228.19114685058594,425.8036193847656,216.6811065673828,152.15188598632812,109.44599914550781,192.72999572753906,173.35482788085938,454.9599914550781
2024-10-31,224.035888671875,400.0307312011719,214.27684020996094,151.44139099121094,109.53041076660156,186.39999389648438,170.02603149414062,450.9200134277344
2024-11-01,221.060791015625,403.9881286621094,215.26171875,151.69715881347656,107.81401824951172,197.92999267578125,170.2048797607422,452.1400146484375
2024-11-04,220.16824340820312,402.1079406738281,212.21055603027344,149.90670776367188,111.24681854248047,195.77999877929688,168.1678924560547,442.2900085449219
2024-11-05,221.59629821777344,405.061279296875,213.86166381835938,150.0109100341797,111.57508850097656,199.5,168.66470336914062,445.05999755859375
2024-11-06,220.8723602294922,413.6456298828125,238.55101013183594,149.56568908691406,113.48844909667969,207.08999633789062,175.39181518554688,468.8999938964844
2024-11-07,225.59286499023438,418.81402587890625,228.2388458251953,148.47621154785156,113.62913513183594,210.0500030517578,179.60498046875,460.1300048828125
2024-11-08,225.32481384277344,415.968994140625,228.8181610107422,147.2825927734375,113.59162902832031,208.17999267578125,177.22018432617188,463.4100036621094
2024-11-11,222.61448669433594,411.5093688964844,231.04859924316406,146.87521362304688,112.99134826660156,206.83999633789062,179.20751953125,467.3599853515625
2024-11-12,222.61448669433594,416.4513244628906,231.309326171875,144.60159301757812,112.8788070678711,208.91000366210938,180.46946716308594,466.2900085449219
2024-11-13,223.49807739257812,418.5876159667969,232.8542022705078,145.17001342773438,113.92926025390625,214.10000610351562,177.74681091308594,468.1000061035156
2024-11-14,226.57574462890625,420.2513122558594,233.5397491455078,143.8721466064453,114.00492095947266,211.47999572753906,174.4677276611328,467.70001220703125
2024-11-15,223.37892150878906,408.5461730957031,236.86126708984375,145.88998413085938,112.82288360595703,202.61000061035156,171.39730834960938,470.2799987792969
2024-11-18,226.37718200683594,409.2944030761719,236.5908966064453,146.61944580078125,113.76850891113281,201.6999969482422,174.18951416015625,472.20001220703125
2024-11-19,226.6352996826172,411.2928466796875,234.71771240234375,144.94264221191406,112.17984771728516,204.61000061035156,176.9916229248047,468.8599853515625
2024-11-20,227.35011291503906,409.028564453125,232.4873046875,145.04685974121094,113.7779541015625,202.8800048828125,174.86520385742188,468.8299865722656
2024-11-21,226.87359619140625,407.26287841796875,236.33021545410156,147.31100463867188,115.3004379272461,198.3800048828125,166.56808471679688,472.05999755859375
2024-11-22,228.21385192871094,411.3368225097656,239.98968505859375,146.99838256835938,115.16804504394531,197.1199951171875,163.7162628173828,476.57000732421875
2024-11-25,231.19223022460938,413.1025085449219,241.66976928710938,147.57626342773438,113.4469985961914,201.4499969482422,166.5879669189453,477.42999267578125
2024-11-26,233.366455078125,422.17755126953125,241.36077880859375,147.55714416503906,111.55574798583984,207.86000061035156,168.04864501953125,478.55999755859375
2024-11-27,233.2373809814453,417.24542236328125,241.1869659423828,148.39749145507812,111.26261138916016,205.74000549316406,168.15794372558594,483.0799865722656
2024-11-29,235.62010192871094,417.70904541015625,241.11940002441406,148.02505493164062,111.5462875366211,207.88999938964844,167.87973022460938,483.0199890136719
2024-12-02,237.8638153076172,425.1269836425781,237.76889038085938,147.8245391845703,111.44226837158203,210.7100067138672,170.40362548828125,477.3299865722656
2024-12-03,240.90174865722656,425.3439636230469,236.3881378173828,145.49449157714844,111.27205657958984,213.44000244140625,170.25457763671875,470.19000244140625
2024-12-04,241.2592010498047,431.4794921875,235.0170440673828,143.68966674804688,108.06636810302734,218.16000366210938,173.265380859375,468.32000732421875
2024-12-05,241.2889404296875,436.60888671875,237.02542114257812,142.78245544433594,108.53919219970703,220.5500030517578,171.54635620117188,470.57000732421875
2024-12-06,241.09039306640625,437.5459899902344,238.84066772460938,142.5819091796875,107.39498138427734,227.02999877929688,173.60325622558594,470.5
2024-12-09,244.97222900390625,439.962646484375,235.41294860839844,142.85885620117188,106.76140594482422,226.08999633789062,174.45877075195312,463.8699951171875
2024-12-10,245.98489379882812,437.3092041015625,234.49566650390625,142.50552368164062,106.54391479492188,225.0399932861328,184.20782470703125,462.489990234375
2024-12-11,244.714111328125,442.892333984375,235.14259338378906,140.0322265625,105.83468627929688,230.25999450683594,194.3846893310547,461.3900146484375
2024-12-12,246.17352294921875,443.4545593261719,233.21145629882812,139.65023803710938,105.7401351928711,228.97000122070312,190.9625701904297,458.6300048828125
2024-12-13,246.34228515625,441.1957092285156,231.6762237548828,140.01315307617188,104.81342315673828,227.4600067138672,188.83367919921875,457.8999938964844
2024-12-16,249.2313232421875,445.4570617675781,231.32862854003906,137.36795043945312,102.57227325439453,232.92999267578125,195.63815307617188,455.20001220703125
2024-12-17,251.65374755859375,448.2880554199219,230.150634765625,139.81260681152344,102.13729858398438,231.14999389648438,194.40457153320312,455.6600036621094
2024-12-18,246.2628631591797,431.4499206542969,222.43580627441406,138.2274169921875,100.63373565673828,220.52000427246094,187.42103576660156,446.5899963378906
2024-12-19,247.9903106689453,431.0947570800781,224.93663024902344,137.11012268066406,99.77322387695312,223.2899932861328,187.53048706054688,449.3399963378906
2024-12-20,252.65647888183594,430.67059326171875,229.41680908203125,137.9600067138672,100.11363983154297,224.9199981689453,190.41542053222656,453.20001220703125
2024-12-23,253.43084716796875,429.3390197753906,230.1796112060547,138.72396850585938,100.52027130126953,225.05999755859375,193.61871337890625,454.3500061035156
2024-12-24,256.3397216796875,433.363525390625,233.96458435058594,139.27783203125,100.61482238769531,229.0500030517578,195.09100341796875,458.6600036621094
2024-12-26,257.15380859375,432.1600341796875,234.76602172851562,139.02000427246094,100.69993591308594,227.0500030517578,194.5836639404297,459.0799865722656
2024-12-27,253.74853515625,424.6830749511719,232.86387634277344,138.51388549804688,100.69047546386719,223.75,191.75840759277344,456.510009765625
2024-12-30,250.38296508789062,419.0604553222656,231.07757568359375,136.8809356689453,100.0096206665039,221.3000030517578,190.24632263183594,452.1600036621094
2024-12-31,248.6157989501953,415.7757263183594,231.45416259765625,138.10324096679688,101.72120666503906,219.38999938964844,188.31639099121094,453.2799987792969
2025-01-02,242.09312438964844,412.89532470703125,231.73416137695312,137.53028869628906,101.475341796875,220.22000122070312,188.44570922851562,451.1000061035156
2025-01-03,241.60665893554688,417.6005859375,234.90118408203125,137.692626953125,101.99545288085938,224.19000244140625,190.79344177246094,453.55999755859375
2025-01-06,243.23483276367188,422.0394287109375,233.75595092773438,137.1865234375,101.88196563720703,227.61000061035156,195.84706115722656,451.4100036621094
2025-01-07,240.4649658203125,416.6338806152344,236.00759887695312,139.64068603515625,102.83705139160156,222.11000061035156,194.47422790527344,452.9200134277344
2025-01-08,240.951416015625,418.79412841796875,235.96878051757812,135.85914611816406,101.11599731445312,222.1300048828125,192.9422149658203,451.8399963378906
2025-01-10,235.14356994628906,413.26031494140625,232.8048095703125,135.6586151123047,100.7472152709961,218.94000244140625,191.04214477539062,442.6600036621094
2025-01-13,232.71121215820312,411.5242004394531,237.01695251464844,137.9600067138672,103.34768676757812,218.4600067138672,190.0175018310547,443.9100036621094
2025-01-14,231.5992889404297,410.02490234375,240.1809539794922,138.2274169921875,103.75431060791016,217.75999450683594,188.67449951171875,450.0299987792969
2025-01-15,236.1562042236328,420.52032470703125,244.91720581054688,138.4375,105.44698333740234,223.35000610351562,194.53390502929688,458.510009765625
2025-01-16,226.6154327392578,418.8138122558594,246.78067016601562,141.11131286621094,105.26731872558594,220.66000366210938,191.90760803222656,462.80999755859375
2025-01-17,228.32302856445312,423.2033996582031,251.5266571044922,140.40464782714844,106.21294403076172,225.94000244140625,194.9815673828125,467.95001220703125
2025-01-21,221.03594970703125,422.68060302734375,255.28262329101562,141.4741668701172,105.4091567993164,230.7100067138672,197.02093505859375,468.57000732421875
2025-01-22,222.21734619140625,440.1402587890625,255.09823608398438,138.72396850585938,103.57465362548828,235.00999450683594,197.33924865722656,460.510009765625
2025-01-23,222.04861450195312,440.643310546875,258.1166687011719,140.0322265625,104.16093444824219,235.4199981689453,196.95127868652344,459.8299865722656
2025-01-24,221.1749267578125,438.029296875,257.0393371582031,140.20413208007812,102.75193786621094,234.85000610351562,199.16969299316406,463.19000244140625
2025-01-27,228.2039337158203,428.6583557128906,258.0196228027344,146.0006103515625,104.17984008789062,235.4199981689453,190.8133087158203,474.70001220703125
2025-01-28,236.54339599609375,441.1266784667969,259.2716064453125,143.6037139892578,102.16565704345703,238.14999389648438,194.2852020263672,469.9700012207031
2025-01-29,237.63548278808594,436.3228454589844,258.72808837890625,144.33900451660156,102.76139831542969,237.07000732421875,194.39463806152344,469.260009765625
2025-01-30,235.8782196044922,409.3540954589844,260.3294982910156,145.98147583007812,103.61246490478516,234.63999938964844,199.82626342773438,472.3500061035156
2025-01-31,234.29969787597656,409.42315673828125,259.4268798828125,145.2939453125,101.02144622802734,237.67999267578125,202.9599151611328,468.6700134277344
2025-02-03,226.36724853515625,405.3394470214844,258.9512939453125,145.02655029296875,101.26730346679688,237.4199981689453,200.1844024658203,464.6099853515625
2025-02-04,231.1227569580078,406.76971435546875,260.04803466796875,146.5735626220703,103.98126220703125,242.05999755859375,205.30764770507812,467.489990234375
2025-02-05,230.79513549804688,407.6772155761719,262.4647216796875,147.719482421875,103.90560913085938,236.1699981689453,190.33583068847656,473.7300109863281
2025-02-06,231.5397186279297,410.1728820800781,268.74407958984375,146.59266662597656,102.5344467163086,238.8300018310547,190.6044464111328,477.2200012207031
2025-02-07,225.99000549316406,404.1852722167969,267.676513671875,146.22021484375,102.96945190429688,229.14999389648438,184.37696838378906,472.739990234375
2025-02-10,226.25833129882812,406.6217041015625,263.0566711425781,147.28977966308594,104.93635559082031,233.13999938964844,185.50111389160156,470.1700134277344
2025-02-11,231.1979522705078,405.8523254394531,266.890380859375,149.0946044921875,105.59828186035156,232.75999450683594,184.35708618164062,472.6099853515625
2025-02-12,235.42198181152344,403.48492431640625,267.33685302734375,148.2637939453125,102.42118072509766,228.92999267578125,182.65594482421875,471.7300109863281
2025-02-13,240.0535125732422,404.96453857421875,268.1811828613281,150.1641387939453,103.16536712646484,230.3699951171875,185.17282104492188,480.489990234375
2025-02-14,243.10470581054688,402.8831787109375,268.4432373046875,149.11370849609375,103.27030944824219,228.67999267578125,184.2675323486328,479.5899963378906
2025-02-18,242.97552490234375,404.0767517089844,271.70428466796875,149.19068908691406,105.08307647705078,226.64999389648438,182.8151092529297,482.82000732421875
2025-02-19,243.37306213378906,409.1370849609375,271.02490234375,151.98219299316406,105.23574829101562,226.6300048828125,184.3073272705078,483.7699890136719
2025-02-20,244.3271942138672,411.3017272949219,258.94158935546875,153.70521545410156,106.85767364501953,222.8800048828125,183.6009979248047,481.79998779296875
2025-02-21,244.0489044189453,403.4735412597656,256.45703125,156.2271728515625,105.60783386230469,216.5800018310547,178.72647094726562,478.739990234375
2025-02-24,245.58944702148438,399.3124084472656,253.64239501953125,157.61329650878906,106.16119384765625,212.7100067138672,178.318603515625,498.4200134277344
2025-02-25,245.52978515625,393.2831726074219,249.81846618652344,159.8753662109375,104.69190216064453,212.8000030517578,174.5084991455078,499.82000732421875
2025-02-26,238.89064025878906,395.09197998046875,251.16754150390625,156.97799682617188,104.4343032836914,214.35000610351562,171.83248901367188,494.1000061035156
2025-02-27,235.84934997558594,387.9755554199219,251.4198455810547,157.60366821289062,105.09262084960938,208.74000549316406,167.6244659423828,502.4100036621094
2025-02-28,240.36158752441406,392.3837585449219,256.85491943359375,158.8454132080078,106.21844482421875,212.27999877929688,169.3952178955078,513.8300170898438
2025-03-03,236.57485961914062,383.9823913574219,252.943603515625,161.02085876464844,102.8123550415039,205.02000427246094,166.1422119140625,510.0799865722656
2025-03-04,234.48770141601562,384.1009521484375,242.87905883789062,159.23043823242188,102.60245513916016,203.8000030517578,170.03187561035156,495.8599853515625
2025-03-05,234.29888916015625,396.36700439453125,244.12136840820312,158.941650390625,100.59888458251953,208.36000061035156,172.12098693847656,498.5
2025-03-06,233.89138793945312,392.2849426269531,239.27835083007812,159.62509155273438,102.67877960205078,200.6999969482422,171.4544677734375,497.8399963378906
2025-03-07,237.60853576660156,388.7464599609375,235.14381408691406,160.4529266357422,104.01449584960938,199.25,172.9566192626953,495.6199951171875
2025-03-10,226.08937072753906,375.7490234375,225.38015747070312,161.4251251220703,106.6668701171875,194.5399932861328,165.1981658935547,497.1000061035156
2025-03-11,219.48997497558594,376.03570556640625,222.39085388183594,159.65399169921875,104.14808654785156,196.58999633789062,163.37559509277344,496.25
2025-03-12,215.65354919433594,378.8229675292969,221.1873779296875,156.75660705566406,104.11945343017578,198.88999938964844,166.4331512451172,495.94000244140625
2025-03-13,208.39817810058594,374.3751525878906,218.5572052001953,156.89138793945312,103.6805648803711,193.88999938964844,162.1007537841797,504.25
2025-03-14,212.18490600585938,384.0515441894531,225.59364318847656,156.71810913085938,106.76228332519531,197.9499969482422,164.81971740722656,514.5999755859375
2025-03-17,212.69178771972656,384.1899719238281,227.0397491455078,156.74697875976562,108.53687286376953,195.74000549316406,163.6245574951172,523.010009765625
2025-03-18,211.38978576660156,379.0700378417969,228.0491180419922,158.10421752929688,108.4223861694336,192.82000732421875,160.01922607421875,523.1400146484375
2025-03-19,213.9241943359375,383.3202209472656,232.0671844482422,156.89138793945312,110.11112213134766,195.5399932861328,163.22618103027344,525.27001953125
2025-03-20,212.79119873046875,382.35150146484375,231.97010803222656,156.92022705078125,110.57862091064453,194.9499969482422,162.14060974121094,528.72998046875
2025-03-21,216.93568420410156,386.72027587890625,234.5129852294922,157.50743103027344,110.1969985961914,196.2100067138672,163.32579040527344,521.9099731445312
2025-03-24,219.38063049316406,388.51910400390625,240.7535858154297,157.1801300048828,110.48321533203125,203.25999450683594,167.00082397460938,525.8499755859375
2025-03-25,222.38218688964844,390.57501220703125,243.733154296875,154.9950714111328,111.23693084716797,205.7100067138672,169.86917114257812,528.8699951171875
2025-03-26,220.1757354736328,385.4452209472656,243.63609313964844,155.6688995361328,112.83979797363281,201.1300048828125,164.39144897460938,533.2100219726562
2025-03-27,222.48155212402344,386.0480651855469,240.81178283691406,157.02613830566406,112.47724914550781,201.36000061035156,161.5828857421875,534.52001953125
2025-03-28,216.56793212890625,374.4048156738281,235.69703674316406,157.5844268798828,112.32460021972656,192.72000122070312,153.7049102783203,526.3099975585938
2025-03-31,220.7720947265625,371.0343933105469,238.0748748779297,159.63473510742188,113.46949768066406,190.25999450683594,154.01365661621094,532.5800170898438
2025-04-01,221.82559204101562,377.7554626464844,236.48318481445312,147.51580810546875,113.57445526123047,192.1699981689453,156.43382263183594,532.989990234375
2025-04-02,222.52133178710938,377.7060852050781,238.57955932617188,149.54684448242188,113.22145080566406,196.00999450683594,156.40391540527344,537.719970703125
2025-04-03,201.94786071777344,368.7808532714844,221.95411682128906,153.83998107910156,107.2679443359375,178.41000366210938,150.10952758789062,530.1599731445312
2025-04-04,187.22842407226562,355.6648254394531,205.3434295654297,147.5061798095703,99.54936981201172,171.0,145.01028442382812,493.5400085449219
2025-04-07,180.3507080078125,353.707763671875,209.40577697753906,144.98422241210938,98.21366119384766,175.25999450683594,146.15560913085938,490.3800048828125
2025-04-08,171.36595153808594,350.44610595703125,211.7787322998047,144.38743591308594,96.1432876586914,170.66000366210938,144.11390686035156,492.6400146484375
2025-04-09,197.63438415527344,385.95916748046875,228.83859252929688,145.3211212158203,100.94234466552734,191.10000610351562,158.0671844482422,521.4099731445312
2025-04-10,189.2559356689453,376.92523193359375,221.7783203125,143.1264190673828,95.34186553955078,181.22000122070312,152.20103454589844,515.8099975585938
2025-04-11,196.93865966796875,383.94287109375,230.6549072265625,146.0526885986328,98.40447235107422,184.8699951171875,156.50352478027344,524.1099853515625
2025-04-14,201.28196716308594,383.3102722167969,229.2096710205078,148.5843048095703,98.64299011230469,182.1199951171875,158.42572021484375,529.52001953125
2025-04-15,200.904296875,381.25445556640625,227.65701293945312,147.87196350097656,98.36631774902344,179.58999633789062,155.6768798828125,528.1699829101562
2025-04-16,193.0823974609375,367.2982177734375,224.21963500976562,148.151123046875,99.4062728881836,174.3300018310547,152.7089385986328,516.4500122070312
2025-04-17,195.77581787109375,363.5126953125,226.5144805908203,151.5779266357422,102.01092529296875,172.61000061035156,150.54774475097656,518.2100219726562
2025-04-21,191.97915649414062,354.9531555175781,223.6141815185547,151.04847717285156,100.51301574707031,167.32000732421875,147.0718994140625,506.9200134277344
2025-04-22,198.5189666748047,362.5638427734375,230.0592498779297,151.84744262695312,103.32756805419922,173.17999267578125,150.85647583007812,520.7899780273438
2025-04-23,203.34925842285156,370.0459899902344,235.22506713867188,149.56613159179688,102.44026947021484,180.60000610351562,154.7207794189453,526.8099975585938
2025-04-24,207.09619140625,382.8061828613281,238.89678955078125,149.13296508789062,103.64241027832031,186.5399932861328,158.6348419189453,531.6400146484375
2025-04-25,208.00064086914062,387.3033752441406,237.83238220214844,148.79605102539062,103.58517456054688,188.99000549316406,161.3040008544922,530.9600219726562
2025-04-28,208.85537719726562,386.62139892578125,237.5101318359375,149.53724670410156,103.64241027832031,187.6999969482422,159.95944213867188,530.9400024414062
2025-04-29,209.9188232421875,389.468017578125,238.87725830078125,150.0762939453125,103.38481140136719,187.38999938964844,159.5113067626953,534.5700073242188
2025-04-30,211.20095825195312,390.6738586425781,238.87725830078125,150.46131896972656,100.7801513671875,184.4199981689453,158.15679931640625,533.25
2025-05-01,212.0159454345703,420.464111328125,241.09397888183594,148.6805419921875,100.92325592041016,190.1999969482422,160.64669799804688,530.22998046875
2025-05-02,204.0946807861328,430.2295227050781,246.58203125,150.27841186523438,101.3335189819336,189.97999572753906,163.36561584472656,539.7999877929688
2025-05-05,197.67416381835938,431.1091613769531,246.630859375,149.2003173828125,98.52851104736328,186.35000610351562,163.54490661621094,512.1500244140625
2025-05-06,197.29647827148438,428.2823791503906,243.3985595703125,148.69015502929688,99.90238952636719,185.00999450683594,162.56884765625,512.3300170898438
2025-05-07,195.05029296875,428.3218994140625,243.5352783203125,151.41427612304688,99.8069839477539,188.7100067138672,150.76686096191406,518.219970703125
2025-05-08,196.28271484375,433.08599853515625,247.51951599121094,149.83563232421875,101.19994354248047,192.0800018310547,153.65512084960938,513.25
2025-05-09,197.3163604736328,433.63946533203125,247.138671875,148.44952392578125,102.38301086425781,193.05999755859375,152.13128662109375,513.739990234375
2025-05-12,209.77613830566406,444.04730224609375,253.94500732421875,148.3725128173828,104.14808654785156,208.63999938964844,157.81817626953125,514.2999877929688
2025-05-13,211.9058380126953,443.9286804199219,256.8355712890625,142.88580322265625,104.4343032836914,211.3699951171875,158.88385009765625,511.8800048828125
2025-05-14,211.30873107910156,447.6845703125,259.4038391113281,140.8836212158203,103.49930572509766,210.25,164.70021057128906,503.3999938964844
2025-05-15,210.43296813964844,448.6946105957031,261.2103576660156,144.01202392578125,104.548828125,205.1699981689453,163.2958984375,507.3299865722656
2025-05-16,210.24388122558594,449.82342529296875,261.2787170410156,145.6676483154297,104.17330932617188,205.58999633789062,165.51687622070312,514.3099975585938
2025-05-19,207.7758026123047,454.37841796875,258.66162109375,146.78427124023438,102.51715850830078,206.16000366210938,165.86544799804688,512.3900146484375
2025-05-20,205.86505126953125,453.6852722167969,259.4428405761719,147.9104766845703,101.05359649658203,204.07000732421875,163.31581115722656,508.739990234375
2025-05-21,201.11798095703125,448.14007568359375,254.9117889404297,147.44839477539062,99.81149291992188,201.1199951171875,167.8772735595703,507.0299987792969
2025-05-22,200.39149475097656,450.40765380859375,254.55050659179688,146.89974975585938,99.1471176147461,203.10000610351562,170.17791748046875,503.57000732421875
2025-05-23,194.33079528808594,445.7734680175781,254.58950805664062,147.21742248535156,99.20487976074219,200.99000549316406,167.78762817382812,503.4599914550781
2025-05-27,199.2470245361328,456.18060302734375,259.06201171875,148.7804412841797,99.67668914794922,206.02000427246094,172.19967651367188,509.1600036621094
2025-05-28,199.45599365234375,452.8831787109375,257.30426025390625,147.98435974121094,98.31904602050781,204.72000122070312,171.66189575195312,503.1099853515625
2025-05-29,198.98828125,454.1902770996094,258.1636047363281,149.100830078125,98.87751770019531,205.6999969482422,171.16390991210938,506.17999267578125
2025-05-30,199.88394165039062,455.8537902832031,257.80230712890625,150.68328857421875,98.50199127197266,205.00999450683594,171.04440307617188,503.9599914550781
2025-06-02,200.72984313964844,457.44805908203125,258.44677734375,150.86773681640625,99.22415161132812,206.64999389648438,168.3453826904297,502.80999755859375
2025-06-03,202.29229736328125,458.43829345703125,260.01898193359375,149.91632080078125,99.94629669189453,205.7100067138672,165.50689697265625,497.8299865722656
2025-06-04,201.844482421875,459.3294677734375,258.0171203613281,148.75132751464844,98.50199127197266,207.22999572753906,167.3693389892578,491.0
2025-06-05,199.66502380371094,463.1022033691406,255.80043029785156,149.1785125732422,98.0494384765625,207.91000366210938,167.52871704101562,488.739990234375
2025-06-06,202.93917846679688,465.7757873535156,259.49169921875,150.50852966308594,100.39884185791016,213.57000732421875,172.97653198242188,493.5299987792969
2025-06-09,200.48106384277344,468.1225891113281,260.47796630859375,150.70269775390625,101.07286071777344,216.97999572753906,175.5890655517578,493.3299865722656
2025-06-10,201.6951904296875,466.3104553222656,262.2943115234375,151.8871307373047,103.23933410644531,217.61000061035156,178.0919647216797,491.1300048828125
2025-06-11,197.8238983154297,467.99383544921875,261.8548889160156,150.7318115234375,105.25172424316406,213.1999969482422,176.8455047607422,488.1400146484375
2025-06-12,198.24188232421875,474.1826171875,261.9427490234375,152.0909881591797,105.65613555908203,213.24000549316406,175.20018005371094,490.3399963378906
2025-06-13,195.50511169433594,470.3109436035156,258.72998046875,152.51817321777344,107.95740509033203,212.10000610351562,174.17312622070312,487.5400085449219
2025-06-16,197.46563720703125,474.45001220703125,264.0129699707031,150.6929931640625,108.30403900146484,216.10000610351562,176.26715087890625,490.2300109863281
2025-06-17,194.69898986816406,473.3608093261719,263.1926574707031,147.93582153320312,109.76760864257812,214.82000732421875,175.44947814941406,483.4800109863281
2025-06-18,195.63446044921875,475.53924560546875,267.5284729003906,146.3339385986328,108.98767852783203,212.52000427246094,172.8269805908203,485.1400146484375
2025-06-20,200.03321838378906,472.72705078125,268.5440368652344,145.42135620117188,110.44161987304688,209.69000244140625,166.1659698486328,484.8500061035156
2025-06-23,200.53082275390625,481.2428283691406,271.7373046875,146.90673828125,107.59150695800781,208.47000122070312,164.7200927734375,487.7699890136719
2025-06-24,199.3365936279297,485.3126525878906,274.6571044921875,147.75137329101562,104.31773376464844,212.77000427246094,166.2956085205078,493.4800109863281
2025-06-25,200.59054565429688,487.4515075683594,277.391357421875,147.8387451171875,104.34662628173828,211.99000549316406,170.1944580078125,486.2099914550781
2025-06-26,200.03321838378906,492.580810546875,281.97125244140625,147.5766143798828,105.906494140625,217.1199951171875,173.0463409423828,485.04998779296875
2025-06-27,200.11282348632812,491.0855712890625,280.3697509765625,147.96493530273438,105.31912231445312,223.3000030517578,178.02215576171875,485.67999267578125
2025-06-30,204.1831512451172,492.5411376953125,283.10400390625,148.2950439453125,103.79779815673828,219.38999938964844,175.72866821289062,485.7699890136719
2025-07-01,206.82041931152344,487.2336120605469,283.59228515625,151.37257385253906,105.18431854248047,220.4600067138672,175.3397979736328,489.6099853515625
2025-07-02,211.41819763183594,486.28302001953125,285.1449890136719,151.0230712890625,106.92713928222656,219.9199981689453,178.13182067871094,480.4800109863281
2025-07-03,212.5228729248047,493.9571533203125,290.443603515625,151.4599609375,108.03443145751953,223.41000366210938,179.019287109375,485.0
2025-07-07,208.94017028808594,492.8481140136719,286.4892272949219,150.74154663085938,106.98489379882812,223.47000122070312,176.28707885742188,478.0299987792969
2025-07-08,208.9998779296875,491.7588806152344,277.47174072265625,151.24636840820312,109.95055389404297,219.36000061035156,173.86399841308594,477.4700012207031
2025-07-09,210.1244354248047,498.58148193359375,277.8446044921875,151.72207641601562,109.57504272460938,222.5399932861328,176.11756896972656,478.9100036621094
2025-07-10,211.38833618164062,496.5713195800781,282.78021240234375,153.09095764160156,110.6630859375,222.25999450683594,177.11473083496094,478.2699890136719
2025-07-11,210.14434814453125,498.3933410644531,281.4751281738281,152.32400512695312,111.14452362060547,225.02000427246094,179.6774444580078,475.8599853515625
2025-07-14,207.61656188964844,498.09625244140625,283.2806396484375,152.246337890625,109.6905746459961,225.69000244140625,181.04351806640625,476.30999755859375
2025-07-15,208.10421752929688,500.86883544921875,281.17095947265625,150.6444549560547,108.71807861328125,226.35000610351562,181.48226928710938,470.1300048828125
2025-07-16,209.14918518066406,500.6708068847656,280.4546813964844,159.97418212890625,108.06332397460938,223.19000244140625,182.44952392578125,471.30999755859375
2025-07-17,209.00982666015625,506.6913146972656,284.4580993652344,158.22665405273438,107.51448822021484,223.8800048828125,183.05776977539062,473.3999938964844
2025-07-18,210.16424560546875,505.0574035644531,285.8023986816406,158.9256591796875,103.76890563964844,226.1300048828125,184.5335693359375,473.79998779296875
2025-07-21,211.45799255371094,505.06732177734375,285.50799560546875,159.56643676757812,104.03851318359375,229.3000030517578,189.5592498779297,474.4100036621094
2025-07-22,213.3687744140625,500.32421875,285.9593811035156,163.0323028564453,104.51032257080078,227.47000122070312,190.7957000732422,478.1300048828125
2025-07-23,213.11997985839844,500.9183349609375,291.1893310546875,164.16818237304688,105.84870910644531,228.2899932861328,189.68887329101562,482.6300048828125
2025-07-24,212.73182678222656,505.8793640136719,290.9832763671875,164.61476135253906,106.67677307128906,232.22999572753906,191.6233367919922,480.6000061035156
2025-07-25,212.8512725830078,508.681640625,293.014404296875,163.3915252685547,106.30126953125,231.44000244140625,192.6304473876953,484.07000732421875
2025-07-28,213.02047729492188,507.48345947265625,292.6807861328125,161.37217712402344,107.30265808105469,232.7899932861328,192.0321807861328,481.70001220703125
2025-07-29,210.25381469726562,507.5527648925781,291.464111328125,163.20704650878906,108.6891860961914,231.00999450683594,195.1931610107422,476.55999755859375
2025-07-30,208.0445098876953,508.2162170410156,294.0054626464844,162.3818359375,107.74557495117188,230.19000244140625,195.97093200683594,476.0
2025-07-31,206.57162475585938,528.2778930664062,290.6790771484375,159.9353485107422,107.49522399902344,234.11000061035156,191.35409545898438,471.8800048828125
2025-08-01,201.40660095214844,518.9797973632812,283.9380798339844,162.44979858398438,105.56947326660156,214.75,188.59197998046875,472.8399963378906
2025-08-04,202.37193298339844,530.3969116210938,288.73626708984375,166.0515899658203,103.38375854492188,211.64999389648438,194.4851837158203,459.1099853515625
2025-08-05,201.94400024414062,522.584228515625,285.9004821777344,165.7603759765625,103.25857543945312,213.75,194.11622619628906,464.19000244140625
2025-08-06,212.2243194580078,519.8016967773438,285.8808898925781,165.6147003173828,102.55567932128906,222.30999755859375,195.53219604492188,468.9100036621094
2025-08-07,218.9716796875,515.7418212890625,281.5536804199219,166.52728271484375,102.0164794921875,223.1300048828125,195.9609832763672,461.4700012207031
2025-08-08,228.2468719482422,516.9300537109375,283.3394775390625,168.2748260498047,102.83492279052734,222.69000244140625,200.84701538085938,465.3999938964844
2025-08-11,226.34388732910156,516.6627197265625,284.12445068359375,168.7505340576172,101.90093231201172,221.3000030517578,200.42822265625,464.7300109863281
2025-08-12,228.80479431152344,524.0595703125,287.3527526855469,167.74085998535156,102.1897964477539,221.47000122070312,202.76156616210938,470.3900146484375
2025-08-13,232.47125244140625,515.484375,285.0762939453125,169.33303833007812,103.60520935058594,224.55999755859375,201.38548278808594,477.30999755859375
2025-08-14,231.92327880859375,517.36572265625,288.6381530761719,169.624267578125,103.39337921142578,230.97999572753906,202.36270141601562,479.2200012207031
2025-08-15,230.73764038085938,515.078369140625,285.0370178222656,171.48828125,103.49056243896484,231.02999877929688,203.31997680664062,477.20001220703125
2025-08-18,230.0402374267578,512.0383911132812,286.0574951171875,171.10963439941406,103.7140884399414,231.49000549316406,202.9210968017578,478.5199890136719
2025-08-19,229.71144104003906,504.7801513671875,285.203857421875,172.61444091796875,104.39437103271484,228.00999450683594,200.99661254882812,485.30999755859375
2025-08-20,225.17819213867188,500.76983642578125,286.754150390625,173.62411499023438,105.47310638427734,223.80999755859375,198.7530059814453,488.67999267578125
2025-08-21,224.072265625,500.1251220703125,285.9986572265625,173.71148681640625,106.15339660644531,221.9499969482422,199.18179321289062,488.5899963378906
2025-08-22,226.92173767089844,503.09075927734375,290.6790771484375,174.06100463867188,108.14564514160156,228.83999633789062,205.5037384033203,489.0
2025-08-25,226.32395935058594,500.1449890136719,289.3642578125,173.20664978027344,108.59268951416016,227.94000244140625,207.89691162109375,486.17999267578125
2025-08-26,228.46604919433594,497.94305419921875,292.96533203125,172.600341796875,108.3497314453125,228.7100067138672,206.55075073242188,492.2099914550781
2025-08-27,229.64170837402344,502.6047058105469,293.6620178222656,172.89370727539062,109.57425689697266,229.1199951171875,206.88978576660156,495.7200012207031
2025-08-28,231.7041015625,505.4810485839844,295.4184265136719,171.58323669433594,110.1573486328125,231.60000610351562,211.03794860839844,499.8599853515625
2025-08-29,231.28562927246094,502.5551452636719,295.7618408203125,173.2653350830078,111.07087707519531,229.0,212.3043670654297,502.9800109863281
2025-09-02,228.8745574951172,500.9979248046875,294.0741882324219,174.13572692871094,111.45960235595703,225.33999633789062,210.74879455566406,501.1400146484375
2025-09-03,237.59234619140625,501.2260437011719,293.8876953125,174.07704162597656,108.75790405273438,225.99000549316406,230.0038604736328,501.489990234375
2025-09-04,238.89749145507812,503.82470703125,298.1168212890625,174.82028198242188,109.2341079711914,235.67999267578125,231.63919067382812,506.9100036621094
2025-09-05,238.80784606933594,490.9605712890625,288.85400390625,174.49755859375,106.15339660644531,232.3300018310547,234.33151245117188,499.7699890136719
2025-09-08,237.0045166015625,494.1344299316406,287.4115905761719,174.20419311523438,106.75593566894531,235.83999633789062,233.5829620361328,493.7799987792969
2025-09-09,233.48751831054688,494.34271240234375,292.2588806152344,173.05996704101562,107.53338623046875,238.24000549316406,239.16204833984375,492.7200012207031
2025-09-10,225.955322265625,496.2867126464844,294.89837646484375,171.91574096679688,109.33128356933594,230.3300018310547,238.7029571533203,490.0799865722656
2025-09-11,229.1833953857422,496.9215087890625,299.82415771484375,174.5660400390625,108.9814224243164,229.9499969482422,239.90060424804688,496.9100036621094
2025-09-12,233.20855712890625,505.7389221191406,301.1488037109375,174.13572692871094,109.00086975097656,228.14999389648438,240.32977294921875,493.739990234375
2025-09-15,235.828857421875,511.1544189453125,303.1014099121094,173.49026489257812,109.18550872802734,231.42999267578125,251.11865234375,491.5400085449219
2025-09-16,237.2735137939453,504.8859558105469,303.385986328125,172.5709991455078,111.44988250732422,234.0500030517578,250.66954040527344,490.989990234375
2025-09-17,238.11044311523438,505.8579406738281,305.8979187011719,173.294677734375,112.04270935058594,231.6199951171875,249.04270935058594,492.3299865722656
2025-09-18,237.0045166015625,504.3008117675781,307.35015869140625,170.32167053222656,110.72101593017578,231.22999572753906,251.537841796875,490.5
2025-09-19,244.59646606445312,513.703369140625,308.8710632324219,172.3069610595703,109.64228057861328,231.47999572753906,254.22259521484375,492.8500061035156
2025-09-22,255.13751220703125,510.25189208984375,306.57501220703125,170.37057495117188,108.86480712890625,227.6300048828125,252.036865234375,493.7099914550781
2025-09-23,253.4936065673828,505.0744323730469,306.8693542480469,172.68833923339844,110.74044799804688,220.7100067138672,251.16856384277344,494.1000061035156
2025-09-24,251.3813934326172,505.9869079589844,307.53662109375,172.79591369628906,111.33326721191406,220.2100067138672,246.6573944091797,497.0899963378906
2025-09-25,255.9246063232422,502.89239501953125,307.5660400390625,173.81298828125,112.33424377441406,218.14999389648438,245.3100128173828,494.9599914550781
2025-09-26,254.51980590820312,507.28619384765625,310.12701416015625,175.74935913085938,113.9183349609375,219.77999877929688,246.05853271484375,500.0299987792969
2025-09-29,253.4936065673828,510.40057373046875,309.7640075683594,177.6172637939453,111.00284576416016,222.1699981689453,243.57342529296875,499.25
2025-09-30,253.69287109375,513.7232666015625,309.50885009765625,181.33352661132812,109.57425689697266,219.57000732421875,242.6252899169922,502.739990234375
2025-10-01,254.5098419189453,515.4689331054688,304.8774719238281,181.9496307373047,108.83564758300781,220.6300048828125,244.42176818847656,498.20001220703125
2025-10-02,256.18365478515625,511.53125,301.7767639160156,181.8811798095703,108.15536499023438,222.41000366210938,245.21022033691406,495.9200134277344
2025-10-03,257.07037353515625,513.1281127929688,304.2102355957031,184.4825439453125,110.06988525390625,219.50999450683594,244.87088012695312,498.75
2025-10-06,255.74526977539062,524.256591796875,304.8511047363281,184.0131378173828,110.98340606689453,220.89999389648438,249.94094848632812,500.0199890136719
2025-10-07,255.53607177734375,519.7039794921875,303.38201904296875,184.72705078125,111.04171752929688,221.77999877929688,245.2800750732422,502.29998779296875
2025-10-08,257.1102600097656,520.56689453125,299.773193359375,185.5093994140625,110.80847930908203,225.22000122070312,244.14230346679688,499.8399963378906
2025-10-09,253.10501098632812,518.136962890625,301.2522277832031,186.86875915527344,109.72974395751953,227.74000549316406,241.05833435058594,496.739990234375
2025-10-10,244.36732482910156,506.7902526855469,296.67718505859375,186.51669311523438,107.61114501953125,216.3699951171875,236.10801696777344,489.1300048828125
2025-10-13,246.74851989746094,509.8551025390625,303.6580810546875,186.69273376464844,109.07861328125,220.07000732421875,243.6732177734375,491.92999267578125
2025-10-14,246.8581085205078,509.3789978027344,297.85052490234375,186.6438446044922,109.127197265625,216.38999938964844,244.97068786621094,495.9700012207031
2025-10-15,248.42233276367188,509.2401428222656,301.4100036621094,186.95677185058594,108.46635437011719,215.57000732421875,250.539794921875,496.3900146484375
2025-10-16,246.53927612304688,507.4349670410156,294.3600769042969,187.88584899902344,107.52367401123047,214.47000122070312,250.9689483642578,488.80999755859375
2025-10-17,251.36146545410156,509.388916015625,293.3938293457031,188.96160888671875,109.07861328125,213.0399932861328,252.80535888671875,492.4200134277344
2025-10-20,261.27484130859375,512.5726928710938,298.1265869140625,189.45057678222656,109.5256576538086,216.47999572753906,256.04901123046875,494.0799865722656
2025-10-21,261.8028869628906,513.4356079101562,292.93035888671875,187.65115356445312,109.53536987304688,222.02999877929688,249.9709014892578,491.2900085449219
2025-10-22,257.4988098144531,516.2921142578125,289.99212646484375,188.68777465820312,111.47904205322266,217.9499969482422,251.19850158691406,491.80999755859375
2025-10-23,258.6246032714844,516.3118896484375,290.4161376953125,188.2281494140625,112.71327209472656,221.08999633789062,252.58578491210938,490.1600036621094
2025-10-24,261.85272216796875,519.3370971679688,296.2334899902344,186.20375061035156,112.13988494873047,224.2100067138672,259.4124450683594,492.1000061035156
2025-10-27,267.8206481933594,527.1824951171875,299.89154052734375,186.10595703125,112.67440032958984,226.97000122070312,268.744140625,488.07000732421875
2025-10-28,268.00994873046875,537.6464233398438,301.0846252441406,182.8102264404297,111.79002380371094,229.25,266.94769287109375,481.44000244140625
2025-10-29,268.7073974609375,537.130615234375,301.2325439453125,182.48751831054688,113.17002868652344,230.3000030517578,274.0338439941406,475.760009765625
2025-10-30,270.401123046875,521.469482421875,305.10748291015625,184.88351440429688,111.45960235595703,222.86000061035156,280.93035888671875,478.5199890136719
2025-10-31,269.3749084472656,513.5844116210938,306.7639465332031,184.70745849609375,111.13890075683594,244.22000122070312,280.640869140625,477.5400085449219
2025-11-03,268.0597839355469,512.810791015625,305.0187683105469,182.15499877929688,110.55580139160156,254.0,283.16595458984375,475.67999267578125
2025-11-04,269.0461730957031,510.1327819824219,304.920166015625,182.74179077148438,110.92508697509766,249.32000732421875,276.9980163574219,487.6600036621094
2025-11-05,269.1457824707031,503.0213317871094,307.3161315917969,181.9007110595703,110.47804260253906,250.1999969482422,283.7547912597656,488.7699890136719
2025-11-06,268.7771301269531,493.04339599609375,309.03179931640625,182.849365234375,111.27495574951172,243.0399932861328,284.1939392089844,493.1499938964844
2025-11-07,267.48193359375,492.7657165527344,309.8106994628906,182.4581756591797,113.9183349609375,244.41000366210938,278.28546142578125,499.05999755859375
2025-11-10,268.6985778808594,501.8707275390625,312.4532165527344,184.2576141357422,114.89017486572266,248.39999389648438,289.5334777832031,496.9800109863281
2025-11-11,274.5028076171875,504.5289001464844,311.2009582519531,189.55816650390625,116.40624237060547,249.10000610351562,290.7411193847656,497.07000732421875
2025-11-12,272.7276916503906,506.9688415527344,315.92388916015625,190.1058349609375,114.79299926757812,244.1999969482422,286.15008544921875,502.3999938964844
2025-11-13,272.20904541015625,499.1828918457031,305.1469421386719,190.94686889648438,115.44412231445312,237.5800018310547,278.0260314941406,513.1099853515625
2025-11-14,271.6705322265625,506.0166320800781,299.3591003417969,191.6118621826172,116.94403839111328,234.69000244140625,275.8702087402344,508.94000244140625
2025-11-17,266.73394775390625,503.34857177734375,296.1644592285156,195.1814422607422,115.36568450927734,232.8699951171875,284.46337890625,503.260009765625
2025-11-18,266.7139892578125,489.76043701171875,295.2179260253906,195.59217834472656,116.68914031982422,222.5500030517578,283.724853515625,504.3699951171875
2025-11-19,267.83099365234375,483.14483642578125,299.02386474609375,198.04685974121094,115.04218292236328,222.69000244140625,292.2381896972656,501.260009765625
2025-11-20,265.5272521972656,475.41387939453125,294.2023620605469,198.5945281982422,114.71867370605469,217.13999938964844,288.884765625,501.1199951171875
2025-11-21,270.75299072265625,469.1436462402344,293.84735107421875,199.40621948242188,114.7774887084961,220.69000244140625,299.0747985839844,504.0400085449219
2025-11-24,275.1710205078125,471.0118103027344,293.8276672363281,201.5088653564453,113.68932342529297,226.27999877929688,317.9578552246094,507.80999755859375
2025-11-25,276.2181396484375,473.98297119140625,298.75762939453125,203.39845275878906,112.25802612304688,229.6699981689453,322.8083801269531,508.57000732421875
2025-11-26,276.7966003417969,482.4393310546875,303.33270263671875,204.27435302734375,112.5129165649414,229.16000366210938,319.3252258300781,511.2300109863281
2025-11-28,278.0930480957031,488.9082946777344,308.696533203125,203.64450073242188,113.64029693603516,233.22000122070312,319.55474853515625,513.8099975585938
2025-12-01,282.3315124511719,483.6714782714844,304.5948181152344,202.08950805664062,114.33634185791016,233.8800048828125,314.2751159667969,508.54998779296875
2025-12-02,285.4131164550781,486.91094970703125,303.5693359375,202.16822814941406,113.11092376708984,234.4199981689453,315.1932678222656,506.6499938964844
2025-12-03,283.378662109375,474.7182922363281,307.75982666015625,202.0796661376953,115.48333740234375,232.3800048828125,319.0058288574219,503.6000061035156
2025-12-04,279.9380187988281,477.8087158203125,311.67425537109375,199.2747802734375,114.83631134033203,229.11000061035156,316.999755859375,503.2300109863281
2025-12-05,278.0232238769531,480.11407470703125,310.6291198730469,198.73348999023438,114.24811553955078,229.52999877929688,320.6426086425781,504.3399963378906
2025-12-08,277.1356506347656,487.92449951171875,310.79669189453125,198.4283905029297,113.69912719726562,226.88999938964844,313.3121643066406,497.2300109863281
2025-12-09,276.4275817871094,488.918212890625,296.30255126953125,196.794677734375,115.92448425292969,227.9199981689453,316.66778564453125,491.42999267578125
2025-12-10,278.0232238769531,475.5430603027344,305.76806640625,203.2705078125,117.1891098022461,231.77999877929688,319.7937316894531,490.42999267578125
2025-12-11,277.2752685546875,480.4221496582031,312.9363098144531,206.68557739257812,117.1891098022461,230.27999877929688,312.02386474609375,495.8500061035156
2025-12-12,277.5245666503906,475.5132751464844,314.0603332519531,208.23072814941406,116.48326873779297,226.19000244140625,308.887939453125,499.5199890136719
2025-12-15,273.3658752441406,471.82666015625,315.53936767578125,210.7797393798828,115.44412231445312,222.5399932861328,307.8193359375,506.3800048828125
2025-12-16,273.8645324707031,473.38677978515625,311.1319274902344,205.98683166503906,112.42469024658203,222.55999755859375,306.1714782714844,499.8399963378906
2025-12-17,271.10205078125,473.1184387207031,310.5699462890625,207.00051879882812,115.10100555419922,221.27000427246094,296.3342590332031,504.2699890136719
2025-12-18,271.4511413574219,480.9289245605469,308.6176452636719,205.0124969482422,114.24811553955078,226.75999450683594,302.0668029785156,503.3900146484375
2025-12-19,272.9271240234375,482.856689453125,312.7686767578125,203.1031951904297,114.39515686035156,227.35000610351562,306.7607116699219,494.5299987792969
2025-12-22,270.23443603515625,481.86297607421875,318.56634521484375,204.03817749023438,115.82645416259766,228.42999267578125,309.3773193359375,499.95001220703125
2025-12-23,271.62066650390625,483.7807922363281,321.3666076660156,202.5225372314453,117.07147216796875,232.13999938964844,313.94134521484375,500.510009765625
2025-12-24,273.06671142578125,484.94342041015625,324.5612487792969,204.49087524414062,116.87541198730469,232.3800048828125,313.6816711425781,501.3399963378906
2025-12-26,272.6578674316406,484.6354064941406,323.31890869140625,204.34324645996094,116.76757049560547,232.52000427246094,313.10247802734375,498.29998779296875
2025-12-29,273.0168762207031,484.02923583984375,319.2171325683594,204.27435302734375,118.1596450805664,232.07000732421875,313.15240478515625,501.04998779296875
2025-12-30,272.33868408203125,484.4068603515625,318.8917541503906,203.63465881347656,118.610595703125,232.52999877929688,313.4420166015625,503.7099914550781
2025-12-31,271.12200927734375,480.5711669921875,317.70855712890625,203.6740264892578,117.97337341308594,230.82000732421875,312.5931091308594,502.6499938964844
